Name,ACTR2,ABCF3,RBX1,ARMC1,XIAP,RFTN1,GNL3,NUP50,DHX9,SGTA,ZADH2,COX7A2,CRAT,SMARCE1,STAT3,ERAP1,EHD4,FHL3,THBS2,PDHA1,ENSA,ANXA2,EML3,PSMD13,ARIH1,DNM1,ECI2,CDV3,CDK9,TOM1,ARHGEF6,EIF3I,SETD3,DDX60,APOA4,ABI1,VDAC2,ACTR3,UBXN7,PLIN2,PCBP1,NELFE,AMPD3,RMDN3,PEF1,ELOB,LDHD,CTBP1,TOMM6,JCHAIN,PRPF40A,NECTIN2,CLPTM1L,RPE,TLDC1,SPRYD4,PHB2,ICAM3,UBA3,EIF2D,ARL6IP4,PRDX3,SPON1,TMEM30A,PDS5B,TJP1,B4GALT1,WTAP,PRMT5,NUDT16L1,STX3,SLC39A11,DNAAF5,ACADVL,ACADSB,RACK1,FAM120A,CEACAM1,MIA2,ANG,MLYCD,CHMP2A,CMBL,CFHR5,CASP6,BOD1L1,RPRD2,NT5C,DOCK7,RUFY1,CHID1,ABCB1,PUF60,PSMD1,PGAM5,HDHD5,GALNT3,LACTB,IDH1,RCC1L
01CO005,0.0306,0.098,-0.0805,-0.5488,-0.006,0.0841,0.877,0.1382,0.41,0.1388,-0.4691,0.109,-0.47100000000000003,0.34299999999999997,0.38,-0.2973,-0.7709999999999999,0.5479999999999999,0.402,0.157,-0.557,-0.43200000000000005,0.046,0.2459,0.032,-0.293,-0.327,-0.483,0.019,0.1324,0.095,0.1417,-0.0626,-0.1203,-1.574,-0.2217,-0.085,0.0544,0.203,0.256,0.39899999999999997,0.39899999999999997,0.239,-0.27699999999999997,-0.1927,-0.384,-0.988,-0.929,0.6629999999999999,-1.5519999999999998,0.4783,-0.529,-0.242,-0.1406,-0.046,-0.243,-0.019,0.41,0.41600000000000004,0.3723,-0.495,-0.17300000000000001,-2.025,-0.7559999999999999,0.159,-0.263,0.1815,0.4015,-0.0774,-0.1391,-1.045,-0.2973,0.5920000000000001,-0.374,-0.42700000000000005,0.32,-0.1566,-1.143,-0.3336,-0.932,-0.395,0.2069,-1.77,-0.5965,-0.159,-0.195,0.317,-0.742,-0.1927,-0.004,-0.1881,-1.724,0.2613,0.2754,0.066,-0.2583,-0.0974,-0.18,-0.6313,0.4078
01CO006,0.3807,0.2928,-0.3718,0.0126,-0.428,0.679,0.018000000000000002,-0.003,0.535,0.086,-0.2163,1.732,-0.0124,0.18899999999999997,-0.065,0.7240000000000001,-0.5379999999999999,-1.032,0.43,0.2667,-0.927,-0.0391,-0.3136,0.396,-0.569,-0.309,0.258,-0.5543,0.268,0.0837,0.124,0.1588,-0.0259,-0.2788,-0.8859999999999999,-0.1617,-0.038,0.0967,-0.204,0.321,0.1946,0.2333,-0.1366,-0.004,-0.272,-0.6428,1.4240000000000002,0.0568,-0.285,0.077,0.51,0.0213,-0.508,-0.618,0.1572,0.304,0.619,0.0754,-0.467,-0.4385,-0.4689,0.2037,-1.063,0.48200000000000004,0.021,-0.9179999999999999,0.8809999999999999,-0.1672,0.1912,-0.0202,0.9590000000000001,0.41,-0.545,0.068,0.355,0.8320000000000001,-0.042,-0.674,0.4271,-0.4583,0.32899999999999996,0.299,-0.0914,-2.4,0.465,0.5007,-0.306,-0.413,-0.0163,0.1448,0.222,-0.8879,0.2026,0.48700000000000004,0.2944,0.215,0.925,1.169,-0.6609999999999999,-0.0311
01CO008,0.11199999999999999,0.245,0.2777,-0.0793,0.679,0.217,1.016,0.305,0.2901,-0.0841,0.32799999999999996,0.136,-0.087,0.498,-0.4076,0.2014,-0.1588,-0.335,0.07,0.436,0.4449,0.1011,-0.0739,0.2235,-0.418,0.315,0.044000000000000004,0.7190000000000001,0.2965,0.151,-0.017,0.2285,-0.1405,-0.69,-2.057,0.3047,0.2633,0.0671,0.499,0.381,-0.017,0.354,-0.24600000000000002,0.1773,-0.7809,0.611,-0.885,0.515,0.0978,-0.384,0.41600000000000004,-0.38799999999999996,-0.521,-0.508,-0.3712,0.081,0.532,-0.35100000000000003,-0.306,-0.2337,0.3295,0.3152,-1.959,0.479,0.35600000000000004,-0.1486,0.3188,0.436,-0.0239,0.111,-0.366,0.41200000000000003,-0.5111,0.233,0.149,-0.27,0.3328,-1.288,0.204,-1.183,0.018000000000000002,-0.067,0.0,-0.9055,0.4274,0.253,0.42700000000000005,-0.83,0.1629,0.2143,0.187,-1.329,-0.0605,0.2544,0.275,0.3054,0.625,0.5154,-0.6759999999999999,0.1186
01CO013,-0.1578,0.08,0.3057,0.0559,-0.298,0.2211,0.659,0.511,0.5762,0.503,-0.282,1.3,-0.293,-0.41200000000000003,0.5763,-0.2845,-0.315,-0.809,-0.9279999999999999,0.431,-1.4380000000000002,-0.922,-0.0476,0.2916,-1.1065,-0.5589,-0.6579999999999999,-1.2115,0.2015,0.2519,0.1926,0.5911,-0.042,-0.363,-0.722,-0.2667,0.223,-0.1771,-0.027000000000000003,1.294,0.1645,0.4365,-0.0304,-0.2665,-0.32299999999999995,0.012,-0.873,-1.0875,0.684,-1.4177,0.9534,-0.062,-0.32299999999999995,0.397,-0.2374,-0.68,0.026000000000000002,-0.29600000000000004,0.1713,-0.203,-0.111,-0.6076,-2.12,-0.7198,0.2696,-0.5003,-0.247,0.1345,0.2252,-0.371,0.281,-0.3661,0.59,-0.142,-0.4255,0.387,0.5364,-0.2815,0.2386,-1.228,0.0197,-0.6890000000000001,-0.9520000000000001,-0.35,-0.8909999999999999,0.057999999999999996,0.022000000000000002,-0.94,0.1464,0.0601,-0.785,0.4622,0.6042,0.4199,0.3173,0.642,-0.3522,-0.005,-1.7788,0.841
01CO014,-0.0601,0.4645,0.1362,-0.146,0.3569,-0.5539999999999999,0.585,0.496,0.732,0.591,-0.267,-0.22399999999999998,-0.61,0.504,0.084,-0.109,-0.271,-0.753,0.307,-0.3019,0.24,0.736,-0.513,0.748,-0.1945,-0.6459999999999999,-0.434,-0.4221,0.585,-0.0174,-0.8590000000000001,0.3177,0.13699999999999998,-0.0893,-1.5530000000000002,0.1137,0.1539,-0.0991,-0.3213,-0.043,0.1966,0.3688,-0.1456,0.35,-0.611,-0.1077,-0.0858,-0.1326,0.309,-2.121,0.6829999999999999,0.278,-0.32899999999999996,-0.6942,0.3503,-0.1146,0.575,-0.505,-0.1212,0.613,0.127,0.0191,-1.7069999999999999,-0.021,-0.129,-0.2635,0.61,0.302,0.5998,0.2281,-0.486,-0.098,-0.003,-0.06,0.07200000000000001,0.833,0.075,-0.325,0.4483,-0.9359999999999999,-0.3122,0.536,-0.557,-0.63,-0.2802,-0.451,0.8711,-0.653,-0.025,-0.0378,-0.34299999999999997,-1.042,0.5529999999999999,0.5939,0.59,0.046,1.775,0.2347,1.109,-0.011000000000000001
01CO015,-0.1263,0.146,-0.23,-0.2432,-0.033,0.09,1.171,0.581,0.5109,0.731,-0.6601,-0.381,-0.436,0.7141,0.1445,-0.348,-0.624,0.39899999999999997,-0.233,0.2065,-1.5372,-1.104,0.086,0.3934,-0.0292,0.092,-0.909,-0.401,0.2607,-0.0167,-0.457,0.57,-0.075,0.1945,-2.33,-0.3592,-0.312,-0.0914,0.37200000000000005,0.6527,0.1068,0.183,-0.1131,-0.2259,-0.1839,0.1919,-1.382,0.1511,0.1521,-2.7239999999999998,0.7979999999999999,0.092,0.259,0.2864,-0.016,-0.2119,-0.0981,0.1468,0.2425,-0.1038,0.52,-0.4182,-1.876,-0.5998,0.63,-0.429,0.685,0.376,0.409,-0.1816,0.8420000000000001,0.72,-0.0307,-0.8540000000000001,-0.6528,0.5479999999999999,0.1932,-0.953,0.3043,-1.47,-0.433,-0.0451,-1.952,-0.86,-0.047,0.177,0.0451,-0.519,-0.3086,-0.11199999999999999,-0.9470000000000001,-0.217,0.691,0.44,0.638,-0.002,0.48,0.3531,-0.8109999999999999,0.574
01CO019,-0.2026,0.56,-0.2923,0.09300000000000001,-0.085,-0.051,1.395,0.561,0.4954,-0.0246,-0.631,-0.6920000000000001,-0.884,0.5535,-0.1893,-0.040999999999999995,-0.0217,0.1656,1.39,-0.001,-0.267,-0.057,-0.327,0.373,-0.8109999999999999,-0.0215,-0.136,0.312,0.4238,-0.3026,-0.2038,0.3146,-0.113,-0.7509999999999999,-1.8,-0.0685,0.1415,-0.023,0.162,1.426,0.036000000000000004,0.49200000000000005,0.40299999999999997,0.424,-0.6329,0.455,-0.977,0.848,-0.2013,-0.9209999999999999,0.617,0.0269,-0.048,-0.7879999999999999,0.105,-0.4487,0.0602,-0.45,-0.128,-0.1778,0.353,-0.1296,-1.042,-0.0438,0.2416,-0.622,0.7636,0.778,0.5583,-0.1177,0.2813,0.377,0.1227,-0.47600000000000003,0.0873,0.531,0.1407,-0.7624,0.311,-0.9640000000000001,-0.2185,-0.6261,-0.8623,-0.41700000000000004,0.12,-0.28800000000000003,0.1113,-0.24600000000000002,-0.0721,-0.187,0.2904,-0.9520000000000001,0.789,-0.0558,0.7366,0.040999999999999995,0.4874,-0.0909,-0.3145,0.004
01CO022,-0.1945,0.127,0.5710000000000001,-0.2438,-0.4249,-0.5386,0.972,0.9109999999999999,0.428,0.2381,-0.7307,-0.9309999999999999,-0.4913,0.753,0.28300000000000003,-0.2728,-0.919,-0.048,1.56,-0.5043,0.474,-0.172,-0.423,0.2921,-0.0947,-0.0062,-0.826,0.6409999999999999,0.612,-0.2902,-0.3191,0.6218,0.013999999999999999,-0.6940000000000001,-0.5596,-0.042,-0.306,-0.2966,0.2423,-0.183,0.3,0.3468,0.2684,0.1055,-0.3316,0.6561,-1.5619999999999998,-0.7827,0.445,-0.7043,0.602,-0.44799999999999995,-0.369,-0.42,0.324,-0.7709999999999999,-0.294,0.2799,-0.479,0.066,0.2156,-0.294,-2.015,0.049,-0.9857,-0.2003,1.0959999999999999,0.011000000000000001,0.5952,0.0947,0.3211,0.1807,0.2333,-1.331,-0.45399999999999996,0.526,0.3716,-0.762,-0.23800000000000002,-0.755,-0.818,-0.466,-0.8892,-0.373,0.83,-0.3162,0.1721,-0.4729,-0.2745,-0.292,-0.6829999999999999,-0.9912,0.48,0.2139,0.6409999999999999,-0.1483,1.175,-0.631,1.2109999999999999,-0.2325
05CO002,0.3255,0.4,-0.34700000000000003,-0.149,0.3076,0.6609999999999999,0.95,0.4622,0.987,0.423,-0.3628,-0.1997,-1.038,0.546,-0.0651,0.175,-0.1336,0.017,0.7240000000000001,0.326,-1.41,-0.353,0.0744,0.4482,-0.875,-0.513,-1.476,-0.526,0.3289,0.1241,-0.2976,0.348,-0.0288,-0.5841,-1.787,-0.0447,-0.027999999999999997,0.1893,0.4019,0.377,0.1881,0.7859999999999999,0.311,0.0045,-0.6561,-0.5,-1.5319999999999998,-0.0581,0.6222,-1.5119999999999998,0.9179999999999999,0.37,-0.9840000000000001,-0.604,0.3773,-0.16,0.0777,-0.152,0.026000000000000002,-0.502,0.079,-0.2504,-2.37,0.0916,0.3908,-0.6940000000000001,1.003,0.569,0.10800000000000001,0.1749,0.415,0.1187,0.1189,-0.685,-0.4654,0.6,0.418,-0.1201,-0.16,-0.941,-0.1047,-0.027999999999999997,-1.587,-0.772,0.175,-0.317,0.0539,-1.337,0.0209,0.1279,-0.1617,-0.9490000000000001,0.597,0.2875,0.875,0.6859999999999999,0.5760000000000001,0.052000000000000005,-0.1676,0.0477
05CO003,0.7428,0.3101,0.562,-0.2525,-0.2982,-0.3237,0.63,0.46,0.2888,0.141,-0.929,-0.518,-0.639,-0.0745,0.4219,-0.37,-0.3954,0.091,2.96,-0.846,-0.563,0.077,0.2092,0.42200000000000004,0.2002,-0.079,-0.506,-0.081,0.2521,0.5660000000000001,0.9097,0.614,-0.0635,-0.293,1.065,-0.127,-0.2605,0.6077,0.1834,1.909,0.1869,0.2801,1.8769999999999998,-0.348,-0.198,-0.064,-1.053,-0.1612,0.1928,-2.775,0.2793,0.0532,0.0742,0.13,-0.662,-0.909,0.11,1.3730000000000002,0.1512,-0.36700000000000005,0.8297,-0.2968,-0.569,0.8639,0.0793,-0.5088,0.77,0.754,0.04,0.779,0.973,-1.0262,0.1999,-0.616,-0.8476,0.013000000000000001,0.1415,0.8831,-0.07200000000000001,-0.067,-0.583,0.0333,-1.6469999999999998,1.7557,-0.9572,0.4101,-0.033,0.8364,-0.2694,0.4869,-1.328,-1.165,0.1757,0.6306,0.307,0.33899999999999997,-0.344,-0.025,-0.23399999999999999,-0.2476
05CO006,0.1579,0.1579,0.034,-0.264,-0.0188,-0.10099999999999999,0.935,0.688,0.49,0.3441,-0.978,-0.37,-0.9740000000000001,0.68,-0.2192,-0.122,-0.639,-0.303,1.433,-0.48100000000000004,-1.033,-0.845,-0.2152,0.2706,0.3686,-0.3089,-0.4244,-0.1326,1.083,0.6275,-0.45399999999999996,0.4264,-0.1981,-0.3412,-1.516,0.1981,0.3017,0.1334,0.434,1.9509999999999998,0.2492,0.632,0.4093,-0.0368,-0.402,-0.2542,-1.421,-0.3633,-0.307,-2.63,0.72,-0.1182,0.172,-0.3708,0.29,-0.6729999999999999,0.0158,0.727,-0.1689,-0.3209,0.19,-0.0566,-1.854,0.4115,-0.2597,-0.3329,1.1641,0.5444,0.1392,-0.015,0.096,0.191,-0.436,-0.853,-0.591,0.2748,0.1815,-0.129,0.3097,-0.557,-0.5643,-0.1642,-1.3869999999999998,-0.6,-0.6118,0.948,0.5184,-0.7070000000000001,0.39,0.39799999999999996,-0.3985,-0.83,0.5379999999999999,0.6829999999999999,0.623,0.057999999999999996,0.321,0.5479999999999999,0.0287,-0.2081
05CO011,0.3433,0.01,0.6579999999999999,-0.7,0.7027,0.418,1.465,0.8109999999999999,1.061,0.3442,0.061,0.154,-0.261,0.353,-0.381,-0.386,-0.26899999999999996,-0.172,-1.209,-0.764,-0.535,0.1968,0.1703,0.2734,-1.1320000000000001,-0.044000000000000004,-1.325,-0.005,0.81,-0.019,-0.1433,0.2131,-0.1854,-0.207,-0.85,-0.0711,-0.986,-0.1143,0.295,2.562,0.5639,0.3693,0.0593,0.7240000000000001,-0.213,0.805,-0.42700000000000005,0.0702,1.6909999999999998,-0.632,0.401,-0.046,-1.0738,-0.051,-1.705,-0.2648,-0.309,-0.355,-0.818,-0.527,0.5670000000000001,-0.7490000000000001,-1.168,0.077,0.485,-0.478,0.1931,0.938,0.1801,-0.3726,1.057,0.11,0.047,0.1262,-0.14,0.8340000000000001,-0.5155,1.349,0.07400000000000001,-0.5983,-0.3516,-0.7293,-1.331,0.6363,0.048,-0.02,0.5268,-0.402,-0.5349,0.1389,-0.268,-0.04,0.591,-0.0102,0.431,0.912,0.9740000000000001,-0.159,0.209,-0.311
05CO015,-0.0914,0.1847,0.145,-0.1342,0.005,-0.2029,0.6223,0.654,0.389,0.613,-0.65,-0.5489999999999999,-0.46799999999999997,-0.027999999999999997,-0.4211,-0.2837,0.2613,0.1675,0.85,-0.509,-0.1297,0.122,-0.092,0.076,0.16,-0.29100000000000004,-0.564,0.488,0.705,0.2452,0.01,0.2073,0.0509,0.083,-0.953,-0.1425,0.0308,-0.0317,0.449,1.304,0.2915,0.2522,0.511,0.2207,-0.2542,0.2669,-0.677,-0.20800000000000002,0.655,-1.594,0.6859999999999999,-0.0184,-0.342,-0.302,0.163,-0.0996,0.1408,0.7754,-0.1152,0.0342,0.37,-0.218,-0.843,0.057,-0.299,-0.365,0.263,0.71,0.0095,-0.41200000000000003,0.649,0.2918,0.311,-0.276,-0.617,0.4175,-0.2124,-0.17600000000000002,-0.1126,-0.0594,-0.435,-0.433,-1.099,1.367,-0.1828,-0.1052,0.0187,-0.6859999999999999,-0.0523,-0.1763,-0.9570000000000001,-0.655,0.695,0.305,0.682,0.2609,-0.21899999999999997,-0.195,-0.368,0.198
05CO020,0.0021,0.534,0.0433,-0.2694,0.0647,0.1272,1.5530000000000002,0.659,0.838,-0.1288,-0.484,0.7238,-0.622,0.491,-0.19699999999999998,0.057999999999999996,-0.059000000000000004,-0.503,1.139,0.1305,-0.8808,-0.2925,-0.059000000000000004,0.466,-0.314,0.3164,-0.4073,-0.478,-0.0477,0.2607,0.057,0.3437,-0.5579999999999999,-0.975,-2.61,-0.1098,0.257,0.071,0.385,0.6109,0.406,0.344,0.2618,0.406,-0.6859999999999999,0.1142,-0.971,0.6509999999999999,-0.555,-1.663,0.7070000000000001,-0.1749,0.2285,-0.6695,0.34,-0.755,0.298,0.677,-0.111,0.2154,-0.18,0.081,-1.382,0.2175,0.7120000000000001,-0.3531,0.6903,0.3599,-0.23,0.4539,0.782,0.297,0.254,-0.7,-0.0526,0.5760000000000001,0.1901,-0.792,0.3563,-0.993,-0.2642,-0.2199,-1.3940000000000001,-1.361,-0.774,0.155,0.2402,-0.47700000000000004,0.14,0.0699,-0.067,0.33399999999999996,0.565,0.1943,0.797,-0.252,1.022,0.0934,-0.6729999999999999,-0.0603
05CO026,-0.1492,0.652,0.21,-0.382,0.596,-0.485,1.103,0.884,1.087,0.1162,-1.23,0.192,-1.319,1.238,-0.0906,0.1829,0.0568,-0.502,-0.43,0.2854,-0.64,-1.0381,-0.47200000000000003,0.1421,-0.031,-0.348,0.1005,-0.0416,0.42200000000000004,-0.428,-0.5055,0.63,0.17,-0.873,-0.898,-0.371,0.2852,-0.0039,0.855,-0.484,0.43799999999999994,0.609,0.13,0.0637,-0.736,-0.0531,-1.2176,0.276,0.2986,-1.651,1.103,0.113,-0.3964,-0.376,-0.522,0.024,0.9048,-0.5506,0.14400000000000002,0.2414,0.39799999999999996,0.1938,-2.532,0.251,0.46,-0.0564,0.4525,1.247,0.068,-0.187,0.5634,-0.1648,0.281,-0.83,0.5264,0.7839,0.0872,-0.6890000000000001,-0.256,-1.8619999999999999,-0.397,-0.4506,-1.3969999999999998,-0.049,0.039,-0.0445,0.5820000000000001,-0.701,-0.2277,-0.0556,-0.084,-0.617,0.6759,0.3357,1.226,-0.0391,-0.057999999999999996,-1.065,-0.529,0.3341
05CO028,-0.1591,0.536,-0.095,-1.5,0.312,0.03,1.08,0.46299999999999997,0.573,0.254,-0.49200000000000005,0.799,-0.568,0.8029999999999999,-0.574,0.653,-0.1978,-1.775,-1.33,-0.493,-0.4564,0.727,-0.019,0.2082,-0.4815,0.001,-0.494,0.33799999999999997,0.701,-0.5739,-1.016,0.555,0.124,0.1417,-1.661,-0.244,-0.34,-0.1425,0.0327,1.218,0.11900000000000001,0.7090000000000001,-0.319,0.1729,-1.1254,-0.2546,-0.41600000000000004,-0.7059,0.0532,-0.57,1.082,-0.0226,-0.541,-0.67,0.914,0.0892,0.363,-0.904,-0.9259999999999999,-0.28600000000000003,-1.493,-0.264,-1.242,-0.5488,-0.2201,-0.852,1.217,0.49200000000000005,0.1897,-0.233,-0.2959,-0.153,0.1938,-0.126,0.524,1.004,0.313,-1.278,-0.003,-1.272,-0.5002,0.14400000000000002,-0.5524,-1.0659,1.16,-0.129,0.2614,-0.935,-0.424,0.09,0.4456,-0.185,0.8059999999999999,0.29100000000000004,0.624,0.1198,1.699,0.4537,0.6177,-0.237
05CO029,0.1078,-0.0336,-0.0809,0.0253,0.687,0.003,0.2401,0.2291,0.3246,0.4809,-0.5820000000000001,-0.25,-0.5604,0.249,0.46799999999999997,0.066,-0.1751,-0.131,-1.98,-0.275,-0.498,-0.0404,-0.355,-0.1381,-0.29,0.265,-0.245,0.026000000000000002,-0.0236,-0.021,0.0961,0.2243,-0.3096,-0.632,-1.4645,0.26,0.506,0.0226,0.2476,-0.35600000000000004,0.1715,0.2195,-0.35200000000000004,0.318,-0.376,-0.297,-1.818,0.0298,0.0712,-0.405,0.546,-0.1252,0.20600000000000002,-0.046,0.223,-0.43,0.0124,0.3111,-0.3046,0.13,0.0722,-0.114,-1.075,0.015,0.465,-0.0536,1.063,0.1949,-0.498,0.0921,-0.252,0.94,0.1113,-0.6312,-0.243,0.32,-0.0041,-0.5284,-0.1454,-0.8190000000000001,-0.42,0.644,-0.631,-1.355,-0.159,0.135,0.0787,-0.366,-0.23800000000000002,-0.2214,0.0823,-1.0671,0.514,-0.0035,0.3265,-0.0907,0.7275,-0.1651,-0.1425,0.0229
05CO032,0.2314,-0.073,-0.2204,-0.0337,-0.0695,-0.2331,0.649,0.529,0.48,0.0069,-0.446,-0.41700000000000004,-0.3302,0.685,0.4504,0.355,-0.3001,0.92,1.075,-0.0796,-0.4703,-0.057,0.3235,0.1905,0.768,-0.3187,-0.2159,-0.136,0.396,0.1006,-0.6079,0.152,-0.3282,-0.4059,-1.6440000000000001,0.27,-0.2929,0.2386,0.3712,0.062,0.2786,0.115,0.0719,0.2449,0.3794,-0.6832,-0.629,0.847,-0.4409,-2.004,0.73,0.2384,-0.2589,-0.7164,0.4074,-0.6759999999999999,0.3349,0.48200000000000004,-0.0009,0.2209,-0.2583,0.23399999999999999,-0.14,0.4403,0.006999999999999999,-0.0463,0.754,-0.0226,-0.025,-0.322,0.15,0.3253,-0.0804,-0.66,0.201,0.826,0.1531,-1.167,0.2645,-0.708,-0.518,-0.0026,-1.3719999999999999,-1.2770000000000001,-0.5315,-0.0298,0.1683,-0.838,0.0254,0.0065,-0.0036,-0.5423,0.624,0.3092,-0.509,-0.2216,0.618,0.5165,-0.057,-0.1047
05CO033,0.331,0.3778,-0.0798,-0.4304,-0.3004,0.3476,0.353,0.2065,0.1619,0.244,-0.76,-0.3467,-0.852,0.0593,-0.0064,0.085,-0.0114,0.4634,0.534,-0.4451,-0.3989,0.39799999999999996,0.2689,0.1696,0.013000000000000001,-0.0122,-0.708,0.5579999999999999,0.3201,0.198,0.204,0.3124,0.0336,0.2208,-0.369,-0.0623,-0.311,0.445,-0.1695,0.763,0.2137,0.175,0.6123,0.2254,-0.501,-0.2031,-0.909,-0.1773,0.35,-1.901,0.4873,0.0249,0.0584,-0.1444,0.156,0.019,0.055999999999999994,0.645,-0.2594,-0.0688,0.2873,-0.5787,-0.1289,-0.147,-0.1502,-0.049,0.153,0.2555,0.1035,-0.2381,0.3678,-1.258,-0.3918,-0.503,-0.5438,0.495,-0.0116,-0.0104,0.1311,-0.031,-0.3116,-0.2652,-1.464,0.5804,-0.6202,0.0464,-0.0648,-0.3765,0.0585,0.0678,-0.46399999999999997,0.29100000000000004,0.2057,0.1343,0.4265,0.07,-0.095,0.2495,-0.495,0.354
05CO034,0.068,0.0166,0.0759,0.2527,-0.0281,0.32799999999999996,0.774,0.1392,-0.0338,-0.3414,-1.232,0.049,0.1936,-0.0402,-0.4471,-0.534,-0.619,1.216,1.4739,-0.1811,0.2669,0.33899999999999997,-0.0897,-0.1671,-0.0416,-0.361,-1.2309999999999999,-0.161,0.35600000000000004,0.1319,-0.652,-0.0449,-0.434,-1.3559999999999999,-1.594,-0.0165,0.594,0.2406,-0.0089,1.163,0.1458,0.1113,-0.2866,0.5379999999999999,0.2261,0.607,-1.625,0.49,0.33,-3.62,0.1204,0.1213,-0.742,-0.4916,0.674,0.545,0.43799999999999994,-0.755,0.0613,0.2969,0.1809,1.208,-0.195,-0.361,0.2811,0.315,1.0859999999999999,0.11,-0.0094,-0.2922,0.358,-0.539,-0.083,-0.297,-0.2087,0.188,-0.2992,-0.494,-0.1553,-0.069,-0.2753,-0.19,-2.78,-0.5188,-0.9279999999999999,-0.062,-0.263,0.245,0.025,-0.0582,-0.4043,2.36,0.106,0.0601,1.262,-0.0174,-0.2457,-0.772,-0.139,0.295
05CO035,0.1075,0.1943,-0.071,-0.0376,0.3181,0.0743,1.104,0.2906,0.3297,0.3054,-0.62,0.037000000000000005,0.1874,0.142,-0.3476,-0.3955,-0.2974,0.516,1.127,0.1752,-0.3962,-0.5479999999999999,0.1551,0.0327,-0.3062,0.2258,-0.895,-0.086,0.19,0.5489999999999999,-0.32299999999999995,0.2412,-0.4156,-0.18600000000000003,-1.757,0.0165,0.3952,0.2121,0.382,0.6829999999999999,0.079,0.49700000000000005,0.152,-0.2104,-0.4072,0.37799999999999995,-1.3130000000000002,0.2859,0.3475,-2.503,0.2774,-0.168,-0.1805,-0.018000000000000002,0.5257,0.125,-0.3544,-0.20800000000000002,-0.1456,-0.1197,0.3098,0.2978,-0.9237,0.10400000000000001,0.578,-0.475,0.9420000000000001,0.62,-0.299,-0.2954,0.551,0.2225,0.2001,-0.2959,-0.1,0.1114,0.0356,0.2299,0.071,-0.603,0.0754,-0.179,-0.963,-0.23199999999999998,0.19,0.3621,0.0133,-0.488,-0.1017,0.0369,-0.156,0.34700000000000003,0.486,0.281,0.4735,0.3233,0.005,-0.207,-0.094,0.385
05CO037,0.09300000000000001,0.0773,-0.2041,-0.3741,0.929,0.3832,0.9129999999999999,0.261,0.698,0.0596,-0.0579,-0.0562,0.1128,0.511,-0.1543,0.5066,-0.1091,0.0143,3.013,0.037000000000000005,-1.639,0.26,0.259,0.3085,-0.3125,0.046,0.452,-1.1297,1.0190000000000001,0.3354,-0.2812,0.1688,-0.1768,-0.0917,-0.9109999999999999,0.2282,0.55,0.107,0.462,1.555,-0.18,0.5001,0.4929,0.4111,-0.099,-1.089,-1.3780000000000001,-0.2634,-0.6679999999999999,-3.46,0.4918,-0.2444,-0.0856,-0.7090000000000001,-0.183,-0.495,0.41600000000000004,1.034,-0.341,-0.106,-0.271,-0.1044,-0.61,0.777,0.3806,-0.601,1.037,-1.169,0.0826,0.166,0.32899999999999996,2.175,-0.071,-0.5429999999999999,0.4101,0.65,0.1451,-1.196,-0.0026,-0.204,-0.3032,-0.74,-0.49200000000000005,0.012,-0.619,0.08900000000000001,0.1262,-0.7509,-0.025,-0.01,-0.0127,-0.188,0.3102,0.408,1.1320000000000001,0.401,1.07,1.526,0.18899999999999997,0.1176
05CO039,-0.006999999999999999,0.371,-0.1223,-0.604,0.25,-0.1354,0.69,0.7040000000000001,0.6679999999999999,-0.3132,-0.3823,-0.5477,-0.449,0.591,-0.109,-0.065,-0.38,-0.885,-0.212,-0.1125,-0.1246,-0.3186,0.08199999999999999,0.243,-0.431,0.1011,-0.7809999999999999,-0.013000000000000001,0.867,-0.0348,-0.08900000000000001,0.521,-0.1589,0.8331,-1.7919999999999998,-0.114,-0.1009,-0.0533,-0.069,-0.552,0.4183,0.0426,0.2431,0.1389,-0.42,0.0095,-0.767,-0.0531,-0.522,-0.183,0.691,0.2611,-0.5467,-0.9359999999999999,-0.9573,-0.6166,-0.1698,0.446,-0.529,0.47600000000000003,0.3272,-0.106,-0.993,-0.0163,-0.127,-0.07,0.83,0.6067,0.3544,-0.154,0.184,0.2024,0.11599999999999999,-0.6759999999999999,-0.1507,0.66,0.1088,-0.4224,0.22699999999999998,-0.488,-0.846,-0.555,-0.033,-0.773,-0.3787,0.2372,0.469,-0.7070000000000001,-0.0821,0.447,-0.183,-0.784,0.6459999999999999,0.3501,0.649,-0.015,1.0,0.019,0.32299999999999995,0.233
05CO041,0.006,0.09699999999999999,-0.022000000000000002,-0.7240000000000001,0.0795,-0.40299999999999997,1.127,1.035,0.428,0.1469,-0.75,0.09,-0.752,0.0124,-0.3503,0.0608,-0.3817,-0.1881,0.308,-0.7440000000000001,-0.4351,-0.2999,-0.0676,0.3581,-0.4453,-0.2916,-0.213,0.13,0.7390000000000001,-0.287,-0.22,0.624,0.3173,0.4556,-1.2226,-0.2471,-0.3013,0.21600000000000003,-0.0666,0.1909,0.39399999999999996,0.012,0.475,0.521,-0.7482,-0.0293,-1.0338,0.0197,-0.1018,-0.613,0.7959999999999999,0.019,-0.032,-0.4207,-0.045,-0.562,0.195,0.586,-0.664,0.045,0.943,-0.1605,-1.482,-0.08199999999999999,-0.32799999999999996,-0.2926,0.759,0.752,-0.0095,-0.2907,0.068,0.078,0.071,-0.648,-0.5015,0.6518,0.1108,-0.5609,0.2209,-1.2093,-0.6733,-1.2919999999999998,-1.268,0.40700000000000003,-0.83,0.345,-0.2184,-0.754,-0.1531,-0.0328,-0.4984,-0.537,0.593,0.4293,1.2429999999999999,-0.0429,0.41,0.40399999999999997,-0.4201,0.6315
05CO044,0.37799999999999995,0.0963,-0.324,-0.152,0.021,-0.2845,0.607,0.696,0.637,0.031,-0.6459999999999999,-0.9329999999999999,-0.2077,-0.0615,-0.3065,-0.6634,0.002,-0.0782,1.724,-0.644,-1.102,0.81,0.267,0.5720000000000001,-0.3132,0.0711,-0.478,-0.228,0.7020000000000001,0.2475,1.2329999999999999,0.2524,-0.1683,-0.2458,0.14400000000000002,-0.4409,0.7964,0.3348,-0.075,1.37,0.262,-0.022000000000000002,1.57,0.2727,-0.7170000000000001,0.2051,-0.603,0.557,1.1740000000000002,-2.45,-0.0527,0.2905,-0.5215,-0.113,0.9840000000000001,-0.2018,0.4878,2.088,-0.096,-0.0799,-0.057999999999999996,-0.4626,0.391,0.77,0.0218,-0.57,0.3449,0.3444,0.2193,-0.624,0.763,0.0585,0.43799999999999994,-0.3432,-0.2269,0.5041,-0.043,0.8009999999999999,-0.1514,0.446,-0.3968,0.16699999999999998,-1.186,1.218,0.1803,0.084,-0.046,-0.2692,0.4437,0.2188,-0.31,-0.6629999999999999,0.435,0.4816,0.3861,0.111,0.368,0.0326,-0.233,0.6829999999999999
05CO045,0.07200000000000001,0.0739,-0.043,-0.1346,0.3998,0.6051,0.9359999999999999,0.045,0.499,0.28600000000000003,-0.743,-0.5514,-0.175,0.1387,-0.065,0.179,-0.2602,0.2931,2.0505,-0.1277,-0.2561,-0.2962,0.1447,0.1972,0.1821,0.1781,-0.8809999999999999,-0.0623,0.2072,0.0453,-0.0671,0.324,-0.0691,-0.10099999999999999,-1.6863,-0.2009,0.1698,0.0868,-0.26,0.304,0.028999999999999998,0.1772,0.3838,0.324,-0.1711,0.0568,-1.6909999999999998,0.155,-0.221,-2.003,0.3884,-0.0609,-0.0322,-0.445,0.287,-0.3569,0.0693,0.22899999999999998,-0.1068,-0.2242,0.4062,0.1409,-0.8009999999999999,0.22399999999999998,0.2138,-0.2545,-0.064,0.23800000000000002,-0.2956,-0.1671,-0.10300000000000001,-0.0717,0.6378,-0.67,0.008,0.34600000000000003,-0.0226,-0.3799,-0.0409,-0.687,-0.0885,-0.063,-1.807,-0.4016,-0.292,0.4096,0.1609,-0.57,-0.1777,0.0455,-0.011000000000000001,-0.139,0.2111,0.0632,0.682,0.0851,-0.2343,0.172,-0.4989,0.445
05CO047,-0.14400000000000002,0.634,-0.2547,-0.7612,-0.5429999999999999,-0.134,1.162,0.025,0.636,0.4559,-0.7240000000000001,-0.4455,1.137,0.802,-0.033,0.4025,-0.0172,-0.7390000000000001,1.3233,0.084,-1.6580000000000001,0.4182,-0.195,0.499,-0.315,0.043,-0.5870000000000001,-0.909,0.465,-0.4198,-0.735,0.1476,-0.13699999999999998,0.2657,-1.901,0.026000000000000002,-0.7859999999999999,-0.1051,0.2605,1.4569999999999999,0.1736,0.878,0.141,0.912,-0.306,-0.005,-1.271,-1.067,-0.1722,-2.4992,1.196,-0.124,-0.51,-0.775,-0.5817,0.159,0.9520000000000001,-1.347,-0.055999999999999994,-0.3341,0.096,-0.7455,-3.04,-0.434,-0.2272,-0.128,0.9470000000000001,0.1749,0.8190000000000001,0.077,0.5765,-0.764,0.09,-0.7759999999999999,-0.7769,1.0590000000000002,0.375,-1.34,0.019,-1.2670000000000001,0.0048,-0.992,-0.9743,-1.2990000000000002,0.847,0.0191,0.32299999999999995,-1.037,-0.2854,-0.0133,-0.133,0.319,0.8009999999999999,0.5167,1.345,-0.2496,1.135,0.3192,0.67,0.145
05CO048,-0.0497,0.038,-0.521,0.23399999999999999,0.0892,-0.6836,1.3869999999999998,0.222,0.78,-0.4038,-0.4121,-0.909,-0.301,0.115,-0.109,-0.3188,-0.975,-0.508,2.543,-0.0868,-0.5784,-0.12300000000000001,0.4872,0.2868,0.535,-0.706,-1.021,-1.4279,1.087,0.0255,-0.653,0.182,-0.4804,0.376,-1.305,0.1,0.1532,0.0319,0.3646,1.4680000000000002,0.031,0.305,0.599,0.35700000000000004,-0.2361,-0.5106,-1.3330000000000002,-0.7333,-0.318,-2.4459999999999997,0.628,0.41600000000000004,-0.429,-0.316,0.1824,-0.78,0.276,0.5820000000000001,0.1919,0.6239,0.16699999999999998,-0.1196,-1.258,0.61,0.32,0.37799999999999995,0.9570000000000001,0.444,-0.2158,-0.0286,-0.3535,0.4249,0.75,-0.239,-0.003,0.4355,0.1962,-0.884,-0.0959,-0.264,-0.1615,-0.1912,-0.289,-0.8156,-1.6540000000000001,0.17300000000000001,0.9540000000000001,-0.883,0.2427,0.1056,-0.039,-0.247,0.31,0.512,0.594,-0.038,0.7839,0.1583,-0.9490000000000001,0.488
05CO049,-0.0846,0.016,0.529,0.2228,-0.3832,0.0426,0.6409999999999999,0.1791,-0.008,-0.081,-0.055,-0.62,-0.469,0.1924,0.1524,-0.17800000000000002,-0.205,0.249,1.057,-0.10300000000000001,-0.434,-0.2026,0.2532,0.16,-0.0967,-0.0862,-0.245,-0.44,-0.0846,0.0665,0.066,0.14300000000000002,-0.3775,0.051,-1.2608,-0.217,-0.128,-0.1697,0.2742,0.6893,-0.1223,0.0977,0.183,0.2551,-0.2152,0.335,-0.552,0.086,-0.331,-1.8319999999999999,-0.308,-0.0719,0.4715,-0.731,-0.327,-0.647,-0.08900000000000001,0.28600000000000003,0.044000000000000004,0.0261,-0.6207,-0.303,-0.813,0.1,0.0034,-0.065,-0.3758,-0.0817,-0.0087,0.054000000000000006,0.3014,0.276,0.5870000000000001,-0.72,-0.5537,-0.3748,-0.1947,-0.2067,-0.11,-0.3989,-0.207,-0.746,-0.26899999999999996,-0.65,-1.124,-0.1104,-0.02,-0.298,0.0689,0.0035,-0.6057,-0.054000000000000006,0.231,0.027999999999999997,0.2732,0.1758,0.247,-0.431,-0.902,0.2387
05CO050,0.0017,0.1871,0.2924,-0.1263,0.155,-1.0070000000000001,0.9059999999999999,0.8815,0.775,0.774,-0.5979,0.131,0.121,0.4436,-0.39899999999999997,0.29,-0.639,-0.8140000000000001,1.03,-0.8391,-0.48700000000000004,-1.062,-0.732,0.698,-0.49700000000000005,-0.107,-0.7879999999999999,-0.063,0.65,0.0916,-0.7090000000000001,0.655,0.4051,-0.872,-1.776,-0.040999999999999995,0.1562,0.0687,0.2399,0.511,0.2054,-0.0789,0.41,-0.1135,-0.2792,-0.05,-0.7929999999999999,-0.8270000000000001,0.527,-2.71,0.9670000000000001,0.0581,-0.1634,-0.764,0.018000000000000002,-0.7859999999999999,0.2923,-0.0175,-0.0459,0.37,0.4993,-0.156,-1.556,0.175,-0.076,-0.0835,0.919,0.040999999999999995,0.6579999999999999,-0.4774,0.2141,-0.615,-0.052000000000000005,-1.197,-0.48200000000000004,0.851,0.467,-0.31,-0.0266,-1.455,-0.843,-0.5128,-0.965,-0.19399999999999998,0.04,0.312,0.6422,-0.6409999999999999,0.3007,-0.027999999999999997,-0.995,-0.8549,0.5429999999999999,0.5524,0.3077,-0.1273,0.4026,-0.3439,-0.066,0.005
05CO053,0.1712,0.2222,-0.1832,-0.2573,0.2703,-0.2862,1.318,0.71,0.504,0.4215,-0.883,-0.3767,-1.113,0.1892,0.141,0.1424,-0.2753,0.14400000000000002,-0.23800000000000002,-0.604,-0.9539,-0.213,0.098,0.3344,-0.2523,-0.0354,-0.69,0.179,0.63,0.0271,-0.3451,0.6326,0.6053,-0.513,-2.255,-0.0117,0.0522,0.1827,-0.0638,0.10099999999999999,0.493,0.528,-0.389,0.337,-0.3533,0.168,-1.579,0.019,-0.14300000000000002,-3.15,0.452,0.0447,-0.1648,0.07200000000000001,-0.1523,-0.0642,0.2013,-0.057999999999999996,-0.2308,-0.413,-0.131,-0.3343,-1.551,0.2636,-0.2539,-0.2669,0.8370000000000001,1.197,0.67,-0.451,0.626,-0.0708,0.06,-0.5147,-0.179,0.873,0.3981,-0.5974,0.522,-1.1320000000000001,-0.449,0.035,-0.915,-0.7375,0.0451,-0.085,0.0184,-0.3424,0.067,-0.0948,-0.718,0.06,0.344,0.4538,0.924,0.0631,1.455,-0.0164,0.3307,0.509
05CO054,-0.1008,0.1436,-0.3149,-0.628,0.023,-0.4468,0.593,0.672,0.4466,0.495,-0.597,-0.021,-0.0637,0.3936,-0.631,-0.048,-0.596,-0.9277,-1.32,-0.06,0.4853,-0.604,-0.2296,-0.085,-0.596,-0.4929,-0.732,0.742,0.0121,-0.3223,-0.295,0.4961,-0.006,0.146,-2.276,0.302,0.1434,-0.2225,-0.5516,-0.105,0.311,0.597,0.157,-0.126,-1.003,-0.021,-0.883,0.419,0.127,-0.611,0.818,0.2163,-0.1613,-0.696,0.6801,-0.324,-0.2585,0.3447,-0.43,-0.3581,0.1833,-0.0441,-1.732,-0.5184,0.0593,-0.6809999999999999,0.425,0.634,0.2057,-0.7190000000000001,-0.249,0.45799999999999996,-0.01,-0.474,0.2495,0.57,-0.322,-0.3017,0.2845,-1.751,-0.6659999999999999,-1.091,-1.7530000000000001,-1.115,0.1728,0.23,0.1498,-0.3522,-0.1223,-0.0724,-0.335,-0.629,0.59,0.2307,0.764,0.177,1.129,-0.0476,0.37799999999999995,0.679
06CO001,0.2975,0.0203,0.0703,0.262,-0.45299999999999996,-0.105,1.298,0.2112,0.643,0.4068,-0.534,-0.305,1.1455,0.48100000000000004,-0.14300000000000002,-0.1284,-0.565,0.282,0.924,0.3247,-0.6990000000000001,0.0553,-0.3045,0.384,-1.273,-0.5476,-0.6685,-0.3313,0.6829999999999999,0.1882,-1.032,-0.1082,-0.888,-0.94,-1.197,-0.1545,0.42200000000000004,0.292,0.008,2.048,0.2802,0.094,0.3207,0.5216,-0.1487,-0.026000000000000002,-1.851,-0.6112,-0.0223,-3.33,0.657,0.0055,-0.5622,-0.48200000000000004,0.213,-0.066,0.7879999999999999,-0.805,-0.075,-0.508,0.129,0.746,-1.258,0.38799999999999996,0.43799999999999994,0.02,1.297,-0.6609999999999999,-0.24100000000000002,0.2449,1.117,0.7813,0.65,-0.395,0.0787,0.584,-0.0678,-0.529,-0.289,-0.5329999999999999,0.562,-0.6636,-0.6759999999999999,-0.073,0.358,-0.2914,0.2217,-0.642,0.1171,0.0243,-0.655,1.5590000000000002,0.785,0.1104,0.223,0.6431,0.63,-0.0108,0.08900000000000001,0.914
06CO002,0.2447,0.2123,-0.016,0.3696,-0.055999999999999994,0.536,0.41700000000000004,0.466,0.8079999999999999,-0.1219,-0.4858,0.0901,-0.695,0.409,0.3228,-0.032,0.047,0.9179999999999999,2.336,-0.27399999999999997,-1.079,0.271,0.374,0.47200000000000003,0.3074,-0.3208,-0.961,-0.3786,0.033,0.8029999999999999,-0.08900000000000001,0.0285,0.2613,-0.306,-1.3619999999999999,-0.3363,0.0831,0.165,0.2088,0.8697,0.1395,0.856,0.41600000000000004,0.718,0.0058,-0.5056,-2.017,0.2228,0.2348,-2.8939999999999997,0.6509999999999999,-0.0521,0.1268,-0.38799999999999996,0.5139,0.179,0.461,0.046,0.1395,-0.1865,-0.335,0.027000000000000003,-1.5590000000000002,-0.3904,-0.0146,-0.26899999999999996,-0.114,0.3371,0.249,0.1652,0.0405,-0.7390000000000001,0.204,-0.27399999999999997,-0.2175,0.3796,-0.2696,-0.1933,-0.129,-0.3671,0.1769,0.1622,-1.901,0.042,-0.1977,0.3907,0.1991,-0.38299999999999995,0.2298,-0.152,-0.2252,0.608,0.46399999999999997,0.177,0.6079,0.925,-0.3557,0.32,-0.72,0.095
09CO005,0.0258,0.0669,-0.0347,0.517,-0.067,0.562,0.4128,0.051,0.511,0.1191,-0.8190000000000001,-1.466,0.7171,0.26899999999999996,0.0506,0.0631,-0.643,1.026,0.493,0.0169,-0.3964,0.1969,0.055,0.2744,0.157,-0.451,-1.475,-0.23199999999999998,0.3861,0.4258,-0.0405,0.0462,-0.1683,-0.71,-1.515,0.1395,0.1718,0.001,0.467,-0.049,0.2611,0.435,0.018000000000000002,0.436,0.42700000000000005,-0.1328,-2.596,0.524,-0.5429999999999999,-3.14,0.444,0.4112,-0.04,-0.11900000000000001,-0.1535,0.484,0.1236,-0.632,0.958,-0.098,0.062,0.057,-1.433,-0.1967,-0.0134,0.1029,-0.0709,0.3869,0.4685,0.1829,0.1196,-0.5677,-0.184,-0.037000000000000005,-0.433,0.523,-0.2206,-0.9570000000000001,-0.132,-0.581,-0.075,-0.0446,-2.9760000000000004,0.08,-0.456,-0.2231,0.3604,-0.3612,0.10800000000000001,0.1687,0.0,0.7659999999999999,0.526,0.361,0.1089,0.2354,-0.713,0.0036,-0.5429999999999999,-0.2504
09CO006,0.49200000000000005,0.2609,-0.226,-0.34,-0.3955,-0.1477,0.74,0.424,0.4766,0.467,-0.5313,0.4646,0.731,0.0892,0.2014,0.564,0.08,-0.2861,1.621,-0.049,0.237,0.0453,-0.1322,0.44299999999999995,-0.397,0.0152,-0.451,0.1422,0.58,0.5870000000000001,-0.282,0.2037,0.114,-0.0519,-1.795,0.1303,0.1921,0.3047,-0.2473,0.542,0.09,0.522,0.182,0.612,-0.084,-0.1608,-0.6859999999999999,0.0304,0.12,-0.364,0.9129999999999999,0.0814,-0.0364,0.1724,0.195,-0.319,0.0861,-0.2717,0.262,-0.556,0.331,0.2075,-0.82,-0.4126,-0.131,-0.32899999999999996,0.505,0.956,0.11699999999999999,-0.0365,-0.040999999999999995,0.0945,0.155,-0.07,0.134,0.415,-0.0037,-1.068,0.3386,-0.912,-0.2383,-0.3431,-0.758,-0.7,0.14800000000000002,-0.0679,0.3321,-0.0305,-0.1002,0.2762,0.0716,-0.941,0.498,0.2628,0.5032,0.298,1.091,0.5022,-0.237,0.645
09CO008,0.1276,0.363,-0.825,-0.045,-0.107,0.807,0.5379999999999999,0.245,0.813,0.39299999999999996,-1.216,-0.023,-0.7153,0.467,0.0894,0.48,-0.4287,-1.046,1.67,-0.447,-1.609,-0.462,0.2106,0.1243,-0.4742,-0.596,-0.493,-1.8,1.048,0.43700000000000006,-0.2472,0.2511,-0.2007,0.1792,-1.403,-0.2826,0.2392,0.2498,-0.086,0.855,-0.0699,-0.145,0.617,0.0452,-0.39,-1.319,-0.914,-0.52,0.363,-1.936,0.7738,0.1855,-1.899,-0.4116,0.5814,-0.6149,0.6559999999999999,0.3846,-0.2496,0.0646,-0.303,-0.4277,-1.8519999999999999,-0.2665,-0.075,-0.9390000000000001,0.3354,0.9740000000000001,-0.0106,0.1722,0.13699999999999998,0.5724,0.1855,-0.4232,-0.6509999999999999,0.862,0.1996,0.6784,-0.4048,-0.6609999999999999,0.021,-0.997,-1.355,-0.528,-0.667,0.613,0.365,-1.246,-0.4459,0.1371,-0.2915,0.27699999999999997,0.36700000000000005,0.452,0.42200000000000004,0.2037,0.14800000000000002,0.2033,-0.2353,0.3307
09CO011,-0.1338,-0.0339,0.3804,0.0029,0.1213,-0.353,0.4715,-0.013999999999999999,0.2525,0.2054,-0.675,-1.722,0.3405,0.281,-0.606,0.025,-0.623,0.09,-0.41,-0.126,1.205,-0.894,-0.2764,0.0404,-0.1512,-0.1829,-0.419,1.354,0.032,-0.254,-0.0352,0.1688,-0.2699,-0.54,-0.5005,-0.2318,0.1958,-0.1234,0.134,0.055999999999999994,0.1136,0.075,-0.043,-0.1946,-0.1419,1.062,-0.679,0.7879999999999999,-0.126,-0.772,0.0806,0.1636,0.2644,-0.1167,0.295,0.0291,-0.401,0.028999999999999998,0.1979,-0.0757,-0.0297,0.1767,-1.0090000000000001,-0.20800000000000002,0.0727,-0.217,0.4916,0.1069,-0.0437,-0.2098,0.0476,0.14800000000000002,0.597,-0.5111,0.3788,0.1371,-0.1869,-1.025,-0.47,-1.329,-0.24600000000000002,-0.235,-1.411,-0.5011,1.104,0.2046,0.0061,-0.5,-0.0865,0.209,0.3259,-0.1985,0.33899999999999997,0.0772,0.716,-0.2932,-0.0433,-0.4533,0.87,0.0681
09CO013,-0.1574,0.4,-0.11,-0.0968,0.179,-0.13699999999999998,1.601,0.8379,0.62,0.0076,-0.995,-0.937,0.583,0.41200000000000003,-0.597,-0.5529999999999999,-0.2873,-0.09,2.221,-0.3122,-0.623,-0.2231,-0.135,0.4486,-0.2518,-0.3612,-0.929,-0.1545,1.1012,0.0216,-1.064,0.1976,0.2267,-0.1834,-1.073,-0.368,-0.1262,-0.1235,0.897,1.27,0.3047,0.604,0.366,0.552,-0.991,0.3329,-1.093,0.3684,0.2491,-1.284,0.816,0.019,-0.6572,-0.043,-0.42100000000000004,0.325,0.168,0.179,0.09,-0.643,-0.317,-0.8190000000000001,-2.6,0.002,0.0754,-0.743,1.9709999999999999,0.521,0.4881,-0.35600000000000004,1.5830000000000002,-0.3585,0.748,-0.805,-0.1327,0.649,0.309,-0.006999999999999999,-0.2436,-0.445,0.102,-0.11599999999999999,-2.998,-0.276,0.44,0.152,0.4193,-0.792,-0.0034,-0.235,0.004,0.5565,0.511,0.3965,0.9640000000000001,0.907,0.3914,0.513,0.563,0.502
09CO014,0.4395,-0.0357,-0.0798,-0.628,-0.022000000000000002,0.321,0.915,0.485,0.46,0.0753,-0.596,-0.187,0.152,0.2989,-0.0724,0.0528,-0.524,-0.534,0.68,0.4314,-0.768,-0.597,-0.2787,0.2534,-0.1611,0.2072,-1.0363,-0.7227,0.573,0.091,0.3411,0.306,-0.379,-0.4715,-2.26,-0.0046,0.165,0.3601,0.18600000000000003,0.5955,0.486,0.507,0.42100000000000004,0.1414,-0.2443,-0.016,-2.031,-0.415,-0.3916,-2.83,0.77,-0.3627,0.4975,-0.2002,0.2763,-1.033,0.0719,-0.446,0.009000000000000001,-0.5222,-0.594,0.001,-1.517,-0.065,0.579,-0.42100000000000004,1.111,0.515,-0.35100000000000003,-0.544,0.4366,0.102,0.34700000000000003,-0.3564,-0.0297,0.3222,0.0253,-0.873,-0.134,-0.7507,-0.04,-0.8740000000000001,-1.5430000000000001,-0.1823,-0.87,0.3091,0.3046,-0.882,0.1583,0.2362,-0.04,0.179,0.3315,0.2514,1.025,0.23,0.948,0.322,-0.20800000000000002,0.1241
09CO015,-0.0539,0.39399999999999996,0.2944,-0.3272,-0.1251,0.6509999999999999,1.3419999999999999,0.718,0.521,0.2184,-0.8959999999999999,-0.12300000000000001,-0.5928,0.5329999999999999,0.013999999999999999,-0.218,-0.3493,-0.177,1.84,-0.1004,-0.625,-0.4009,-0.08199999999999999,0.17300000000000001,-0.5,0.43200000000000005,-1.002,0.022000000000000002,0.428,0.1051,-0.14400000000000002,0.528,-0.0784,-0.948,-1.357,-0.1282,-0.0806,0.0761,0.05,0.737,0.1809,0.4206,0.305,0.1232,-0.555,0.09300000000000001,-0.9620000000000001,-0.6633,0.09300000000000001,-1.104,0.711,-0.2196,-0.08800000000000001,-0.2634,-0.5582,-0.318,-0.1054,0.2801,-0.3417,0.08,-2.17,-0.0696,-2.103,-0.24600000000000002,0.5599,-0.524,1.12,0.695,-0.0486,-0.327,0.374,0.43200000000000005,0.064,-0.675,-0.599,0.449,-0.0562,-0.718,0.0226,-0.988,-0.29,-0.7240000000000001,-1.376,-0.29,-0.635,0.094,0.016,-0.843,0.002,0.085,-0.0949,-0.2204,0.818,0.1969,0.478,0.2023,0.2501,-0.151,-0.7822,0.3277
09CO018,0.2055,-0.057,0.08,-0.205,-1.125,-0.507,1.35,0.36,0.1974,0.233,-0.73,-0.8459,-1.5045,0.5326,-0.7356,0.3126,0.132,0.45399999999999996,1.28,0.1718,-0.943,-0.0478,-0.574,0.3395,0.5153,-0.207,-0.9109999999999999,0.285,0.0963,-0.127,-0.698,0.5196,-0.099,-0.0326,-0.639,-0.389,0.061,0.0756,0.914,0.49200000000000005,-0.48,0.907,0.204,-0.02,-1.181,0.365,-1.771,0.083,0.39899999999999997,-1.854,0.455,0.4862,0.042,0.368,1.963,-1.196,0.506,0.1761,0.253,0.342,-0.3413,-0.596,-2.249,-0.254,0.11199999999999999,0.0087,0.5820000000000001,0.31,0.503,0.726,-0.0414,-0.7216,0.63,-1.192,-0.2421,0.445,-0.386,-1.3840000000000001,-0.1577,-0.376,-0.6315,0.2501,-1.255,-1.0070000000000001,-0.491,0.23199999999999998,-0.2532,0.1369,0.0516,-0.2915,-0.32899999999999996,-1.1719,0.736,0.4592,0.052000000000000005,-0.222,0.166,-0.644,-0.17600000000000002,-1.111
09CO019,-0.1407,-0.3,0.3924,-0.04,-0.1796,0.3627,0.621,0.1383,0.35700000000000004,0.1102,-0.929,-1.285,-0.59,0.685,-0.039,0.41100000000000003,-0.603,1.276,1.3419999999999999,-0.4438,0.696,-0.094,-0.0888,0.091,0.6095,0.33399999999999996,-0.679,0.7458,0.706,-0.342,-0.040999999999999995,0.0088,-0.0868,-0.5091,-1.5759999999999998,-0.0526,0.0357,-0.1077,0.3116,-0.245,0.332,0.375,0.4109,-0.1766,-0.442,0.7609999999999999,-2.467,-0.45,0.2327,-1.496,-0.0008,-0.9570000000000001,-0.013999999999999999,0.182,-0.9440000000000001,-0.6533,-0.2,0.5228,-0.065,0.1192,-0.0921,-0.27,-0.946,0.281,0.623,0.3455,0.8640000000000001,0.1536,0.402,-0.2825,-0.0573,0.24,-0.14300000000000002,-1.24,-0.882,-0.488,-0.044000000000000004,-1.281,0.18600000000000003,-0.162,-0.62,-0.094,-1.425,-0.5529999999999999,-1.226,0.2968,-0.001,-0.46,-0.16399999999999998,-0.079,0.3226,-0.833,0.0794,0.2058,-0.0174,-0.376,0.4544,0.0558,-0.2952,-0.17600000000000002
09CO022,0.1209,0.3342,0.3103,-0.446,0.1365,0.0442,1.08,0.584,0.5770000000000001,0.436,-1.018,-1.1803,-0.762,0.491,-0.1747,-0.107,-0.062,-0.5196,-0.65,0.166,-0.447,-0.075,-0.0221,0.1105,-0.2368,0.1907,-0.762,0.1536,-0.1,-0.008,-0.2445,0.2541,-0.3549,-0.77,-1.9569999999999999,0.1706,0.4562,0.1605,0.0186,0.7813,0.1824,0.1659,-0.505,0.564,-0.49,0.1742,-1.125,0.2493,0.039,-1.953,0.616,-0.687,0.263,-0.46299999999999997,0.196,-0.023,0.64,0.08,-0.1272,0.1308,0.759,0.3293,-1.656,-0.98,0.326,-0.642,0.903,-0.0136,-0.10099999999999999,-0.271,0.703,-0.111,0.006,-1.5419999999999998,0.1607,0.648,0.1581,-0.3195,0.2034,-1.787,-0.505,0.25,-0.899,-1.0390000000000001,0.753,-0.0745,0.064,-0.536,-0.292,-0.0654,-0.2002,-0.276,0.6579999999999999,0.302,0.8029999999999999,0.1929,1.1520000000000001,0.1903,0.3153,0.764
11CO005,0.326,0.0577,0.096,-0.4894,0.2365,0.4815,0.4165,0.1488,0.163,-0.040999999999999995,-0.079,0.342,0.39799999999999996,0.2752,-0.016,0.131,-0.028999999999999998,0.642,1.9909999999999999,-0.07400000000000001,-0.201,-0.017,-0.1572,0.018000000000000002,-0.28,0.33399999999999996,-0.3377,0.304,0.1722,0.1772,-0.027000000000000003,0.0337,-0.1645,0.1532,-0.675,0.096,0.2853,0.5173,-0.109,0.067,0.06,0.068,0.2212,0.278,-0.276,0.033,-0.813,0.009000000000000001,0.2325,0.0128,0.308,-0.2398,-0.042,0.019,-0.512,0.022000000000000002,0.27,0.2777,-0.134,-0.445,0.4517,-0.0449,-0.087,0.239,-0.0745,-0.136,0.387,-0.1276,0.2498,-0.19899999999999998,0.4514,-0.635,-0.065,0.033,-0.3643,0.31,-0.23199999999999998,-0.12300000000000001,-0.32,0.223,0.017,0.145,-0.12300000000000001,-0.368,0.2685,-0.17,-0.35700000000000004,-0.18,-0.462,0.182,-0.1972,-0.2522,0.099,0.083,-0.09,-0.054000000000000006,0.72,0.4601,0.2976,-0.040999999999999995
11CO007,0.0509,0.1071,0.541,-0.1694,0.2071,-0.2958,0.821,0.615,0.36200000000000004,0.2522,-0.252,-0.503,-0.5285,0.311,0.0631,-0.0436,-0.3206,0.14300000000000002,0.68,-0.887,0.161,0.012,-0.113,0.2071,0.188,0.0737,-0.735,0.16,1.308,-0.1395,-0.38799999999999996,0.0654,0.6222,-0.048,0.095,-0.023,0.083,0.1727,0.6579999999999999,0.5760000000000001,0.4907,0.2037,0.674,0.885,-0.7070000000000001,0.461,-0.997,0.2362,0.7862,0.044000000000000004,0.45899999999999996,-0.2432,1.005,-0.057,-1.56,-0.612,0.065,1.0643,-0.2447,-0.0735,0.3108,-0.39799999999999996,-0.636,0.37200000000000005,-0.34299999999999997,0.09699999999999999,0.462,1.131,0.331,-0.5625,0.55,0.9690000000000001,-0.0081,-0.531,-0.4283,0.122,0.0786,-0.7269,0.19699999999999998,-0.6629999999999999,-0.2279,-0.313,-0.414,1.4280000000000002,-0.831,0.2263,0.782,-0.446,0.2727,-0.0246,-0.4263,-1.115,-0.042,0.2842,0.2241,0.2936,-0.3329,-0.193,-0.067,-1.239
11CO008,0.0869,-0.013999999999999999,0.028999999999999998,-0.019,-0.022000000000000002,0.196,0.0623,0.1324,0.16399999999999998,0.015,0.41700000000000004,-0.285,-0.16899999999999998,0.332,-0.534,-0.653,-0.17800000000000002,0.48200000000000004,2.682,-0.2064,-0.6398,0.528,0.3232,-0.016,-0.08900000000000001,0.5104,-0.7509999999999999,0.025,0.1467,-0.29100000000000004,-0.20800000000000002,0.2765,0.409,-0.34299999999999997,0.124,0.43799999999999994,0.568,0.139,0.513,1.0056,-0.05,-0.0628,0.605,0.45899999999999996,-0.1797,0.457,-0.792,-0.1539,0.7726,-2.54,0.034,-0.5745,-0.625,0.078,0.7190000000000001,0.555,0.5,0.0422,-0.231,-0.2307,0.0907,0.8448,-0.03,-0.235,0.1746,0.084,0.355,-0.34700000000000003,0.061,-0.43,0.44299999999999995,0.21100000000000002,0.344,0.26,-0.0685,0.263,-0.1813,-0.5098,0.1978,-0.6493,-0.2199,-0.512,-1.113,-0.2384,-0.424,-0.3017,-0.207,-0.22899999999999998,-0.3378,0.5127,0.0124,0.69,0.3968,-0.005,1.2101,0.006999999999999999,-0.067,0.193,-0.035,-0.003
11CO010,-0.0131,0.5391,0.162,-0.1683,0.04,0.2963,1.3459999999999999,0.4715,0.5631,0.355,-0.5522,-0.1678,-0.871,0.518,-0.111,-0.05,-0.386,-0.315,1.368,-0.442,-0.966,-0.218,-0.888,0.192,-0.67,0.456,-1.011,-0.3066,-0.158,-0.038,0.379,-0.1874,-0.1897,0.4414,-1.003,0.373,0.505,0.1832,0.2527,0.754,0.4138,0.4618,0.7666,0.16899999999999998,-0.5305,0.053,-1.004,-0.935,-0.428,-2.185,0.5152,-0.4352,-0.0485,0.023,-1.4626,-0.2736,-0.055,-0.72,-0.2421,-0.7290000000000001,1.0803,0.171,-1.06,0.1,0.579,-0.5870000000000001,0.767,0.9470000000000001,-0.297,0.0403,0.3757,0.29100000000000004,0.0996,-0.19399999999999998,-0.1097,0.226,-0.1779,0.125,-0.023,-0.69,-0.1815,-0.078,-0.784,-1.17,0.4445,0.326,0.0647,-0.8859999999999999,-0.3881,0.0319,0.07,-1.227,0.4739,0.2369,0.8909999999999999,0.0842,0.423,0.07,-0.182,0.2302
11CO018,0.1925,0.2386,0.266,0.0443,0.1355,-0.2956,0.5631,0.62,0.4,0.4394,-0.1963,-1.056,-1.183,-0.012,0.0554,-0.2998,-0.433,0.602,3.11,-0.858,0.40299999999999997,0.8933,0.1958,0.1809,-0.215,0.3472,-1.61,0.465,0.527,0.147,-0.379,0.3656,0.32,-0.2253,-1.709,-0.1107,-0.1008,0.0143,-0.5184,1.656,0.1252,0.3263,-0.0524,0.655,-0.1992,0.1447,-0.03,0.5188,0.578,-1.263,0.55,0.71,0.0529,-0.3858,-0.37799999999999995,0.4174,0.361,-0.273,0.0137,-0.1743,0.381,-0.517,-0.537,-0.185,-0.7847,-0.4115,0.2347,0.5333,0.38299999999999995,-0.434,-0.51,0.1868,0.3907,-0.456,0.025,0.7290000000000001,-0.0206,-0.312,-0.0472,-0.545,-0.565,0.134,-0.307,-0.542,0.5579999999999999,-0.3446,0.2315,-0.3369,0.055999999999999994,0.2145,-0.005,-3.43,0.47,0.284,1.157,0.597,0.3771,0.47,-0.597,-0.354
11CO019,0.0818,0.0903,-0.1682,-0.079,-0.439,0.0263,0.9259999999999999,0.0589,0.1606,0.1493,-1.046,-0.1632,0.8590000000000001,-0.027999999999999997,-0.5367,-0.027999999999999997,-0.401,0.586,3.45,0.2242,-0.3668,0.027000000000000003,0.1996,0.043,0.057999999999999996,-0.0197,0.214,0.386,0.579,0.3799,-0.504,0.1346,-0.1694,-0.4467,-1.831,-0.0473,0.857,0.2524,-0.2929,1.064,0.1752,0.542,0.456,0.2196,-0.23199999999999998,0.3009,-0.523,0.268,0.0473,-2.09,0.574,-0.053,0.0932,-0.6659999999999999,0.691,0.465,0.508,-0.059000000000000004,-0.0306,-0.1943,-1.102,1.0788,-0.0835,-0.4157,0.0616,-0.21600000000000003,0.9359999999999999,0.2174,0.035,-0.2222,0.23399999999999999,-0.3948,0.113,0.11599999999999999,0.1273,0.2453,-0.0574,-0.401,-0.046,-0.044000000000000004,0.1253,-0.545,-1.861,-0.5239,-1.002,-0.025,-0.2428,-0.988,0.1534,0.0329,-0.086,-0.589,0.298,-0.028999999999999998,1.131,0.764,-0.284,0.6205,-0.1514,1.078
11CO020,0.1864,0.0219,0.1791,0.4488,0.2388,0.2072,0.5579999999999999,0.066,0.38799999999999996,-0.0541,-0.073,-0.159,-0.309,0.21100000000000002,0.179,-0.318,-0.7,0.6629999999999999,2.37,0.2737,0.0575,-0.2362,-0.1149,0.49200000000000005,-0.2616,0.0502,0.29,0.1782,0.9690000000000001,0.1643,-0.2725,0.0039,0.0184,-0.848,-1.091,-0.409,-0.2627,0.1715,0.39299999999999996,-0.094,0.1012,-0.003,-0.08199999999999999,-0.3975,-0.5579999999999999,0.43799999999999994,-1.71,0.478,0.28600000000000003,-2.135,0.371,0.0775,-0.616,0.0876,0.0633,0.366,0.5702,-0.4145,-0.1084,0.20800000000000002,0.332,-0.23399999999999999,-1.787,-0.156,0.322,-0.0206,1.465,0.503,0.326,-0.0506,0.434,-0.983,0.2332,-0.624,-0.6509999999999999,0.0759,-0.0038,-0.0786,0.452,-0.13,-0.5196,-0.5479999999999999,-0.4557,-0.221,-0.4737,0.6859999999999999,0.2692,-0.3474,-0.006,-0.0091,-0.7020000000000001,-0.502,0.2215,0.4165,1.018,0.1705,1.347,0.4488,0.4079,0.1792
11CO021,0.4695,-0.0766,0.2149,-0.281,-0.0505,0.0599,0.3706,-0.336,0.872,-0.2034,-0.6118,-0.16699999999999998,0.483,0.2433,-0.545,0.044000000000000004,0.067,0.254,3.072,-0.1318,-0.648,0.599,-0.0784,0.45399999999999996,-0.107,-0.591,-1.095,-0.0519,0.2721,-0.068,-0.1212,0.0013,-0.315,-0.667,0.092,-0.3036,0.4352,0.2703,0.1432,2.336,0.3029,0.094,0.619,1.006,-0.31,-0.1675,0.0035,0.0073,0.7759999999999999,-1.4369999999999998,-0.2,0.419,0.239,-0.374,0.598,0.3815,0.8759999999999999,0.3431,0.451,-0.2379,-0.736,-0.2022,-1.6909999999999998,0.0947,0.584,-0.18,0.332,-0.16,-0.109,-0.0651,1.153,-0.5125,-0.1137,-0.35600000000000004,-0.7997,0.9620000000000001,-0.0403,0.5538,-0.1453,-0.18,0.121,1.124,-0.1674,-0.7090000000000001,0.436,-0.826,-0.1901,-0.6659999999999999,-0.1852,0.3753,0.259,-0.836,0.2245,0.257,0.034,-0.154,-0.245,0.3928,0.433,-0.16
11CO022,-0.3323,-0.2099,-0.1307,0.20199999999999999,0.409,0.1368,0.547,0.2879,0.342,-0.42100000000000004,-0.6409999999999999,-1.9280000000000002,-0.012,0.6629999999999999,-0.3225,-0.254,-0.3186,0.746,0.287,-0.0901,0.409,-0.598,-0.2272,-0.0423,1.2009999999999998,-0.032,0.19399999999999998,0.4232,-0.081,0.1536,-0.252,-0.009000000000000001,0.1087,-0.022000000000000002,-0.259,-0.332,-0.125,-0.376,0.6759999999999999,1.115,-0.1687,-0.235,-0.2008,-0.024,-0.2069,-0.0917,-1.617,0.7253,-0.4419,-1.953,-0.0728,-0.2109,-0.4232,0.013000000000000001,0.2116,-0.1968,0.1213,-0.242,0.3209,0.022000000000000002,-0.1557,0.2711,-0.3149,0.4667,0.419,0.045,0.2964,-0.1009,-0.048,-0.1653,0.9329999999999999,0.0681,0.287,-0.6877,-0.43,-0.436,-0.214,0.703,-0.312,-0.053,-0.0213,0.953,-0.667,-0.32299999999999995,0.637,0.2525,-0.0876,-0.124,-0.0046,-0.52,-0.585,-0.31,0.0553,-0.1361,0.0483,0.1255,-0.555,-0.444,-0.0595,0.3011
11CO027,0.0622,0.306,0.295,-0.045,0.0437,0.48,0.705,0.65,0.6609999999999999,0.1027,-0.705,0.2432,-0.4123,0.649,-0.2865,-0.18899999999999997,0.035,-0.2,0.993,-0.0521,-0.8474,0.063,-0.2339,0.2865,-0.005,-0.271,-0.865,-0.315,-0.297,0.1515,-0.675,0.36700000000000005,-0.3697,0.2119,-1.1540000000000001,0.195,0.092,-0.0573,0.26899999999999996,1.8159999999999998,0.0494,0.4958,0.06,0.738,-0.8640000000000001,-0.332,-1.094,0.2751,0.1153,-1.124,0.9079999999999999,-0.5908,0.4452,-0.098,-1.7888,-0.49,-0.024,-0.0246,-0.021,-0.336,0.44799999999999995,-0.45299999999999996,-1.392,0.313,0.474,-0.519,0.359,0.764,-0.3152,0.1752,0.2858,0.9129999999999999,-0.121,-0.7201,-0.17300000000000001,0.475,0.1251,-0.257,0.1326,-0.752,-0.2747,-0.439,-0.0984,-0.42100000000000004,0.342,0.4117,0.674,-0.69,0.021,0.3594,-0.011000000000000001,-0.966,0.5248,0.34700000000000003,0.716,-0.0891,0.365,0.064,0.4375,-0.4975
11CO030,0.0114,0.0693,0.1008,-0.129,0.057999999999999996,0.3077,0.9440000000000001,0.1649,0.42100000000000004,0.0682,-0.442,-0.081,-0.155,0.002,-0.5825,-0.6920000000000001,-0.3555,0.525,1.442,0.1791,0.139,-0.1,-0.1107,-0.0823,-0.361,-0.1934,-0.003,0.1249,-0.0369,0.618,-0.385,0.2351,-0.4176,-0.537,-0.228,-0.322,0.1932,-0.0368,0.3217,1.321,-0.34,0.445,0.1965,0.047,-0.2248,0.845,-0.674,0.02,-0.1015,-1.6740000000000002,0.293,-0.263,-0.374,-0.040999999999999995,0.1707,-0.45799999999999996,0.3867,0.3581,-0.1954,-0.2197,-0.3042,0.0435,-0.41200000000000003,-0.1079,0.1839,-0.65,0.1935,0.561,0.0563,-0.615,0.3047,0.138,0.0706,-0.489,0.27699999999999997,-0.1448,-0.0201,0.657,0.1695,-0.1996,0.0006,-0.4146,-0.128,-0.111,0.175,0.026000000000000002,0.1968,-0.858,-0.376,0.0778,-0.1036,0.2374,0.499,0.2215,0.3772,0.809,0.2149,0.062,0.3774,0.5479999999999999
11CO031,-0.0825,0.1459,0.452,-0.40299999999999997,0.5965,-0.2007,0.076,0.838,0.698,0.423,-0.004,-0.6344,-0.0215,0.358,0.028999999999999998,0.1324,-0.0316,-0.10099999999999999,1.0238,-1.247,0.26899999999999996,-0.0574,0.24600000000000002,0.48100000000000004,-0.6679999999999999,0.34299999999999997,-0.623,0.31,0.37,-0.1409,0.848,0.5760000000000001,0.057,0.88,-1.2378,1.0017,-0.03,-0.2801,0.956,-0.563,0.098,0.0586,0.963,0.743,-0.183,0.003,-0.6629999999999999,-1.056,1.6025,0.478,0.217,0.2703,0.9690000000000001,-0.2426,0.032,-0.6315,0.021,0.991,-0.139,0.22399999999999998,0.716,-0.439,-0.5823,-0.3871,0.4418,-0.132,0.34600000000000003,1.236,0.258,-0.48700000000000004,0.6729999999999999,1.182,0.017,-0.401,-0.354,0.449,0.2016,-0.997,0.473,-0.489,-0.511,0.3736,-0.2102,-0.3313,-0.5932,0.1518,0.2738,0.536,-0.2294,0.048,-0.392,-0.2768,-0.287,0.409,0.3878,-0.542,0.807,0.11,0.6924,0.741
11CO032,-0.0109,0.109,0.142,0.32899999999999996,-0.40399999999999997,0.3214,0.6988,-0.2538,0.255,0.154,-0.8096,0.47100000000000003,-0.133,0.513,-0.1314,0.575,0.016,0.3269,-0.015,0.616,-0.127,-0.21100000000000002,-0.3739,-0.125,0.0279,0.392,0.188,0.055,-0.0159,0.139,-0.408,-0.0279,-0.1412,-0.711,-1.148,-0.0305,0.889,0.505,0.1725,0.193,-0.185,0.1826,-0.1459,0.4554,0.128,0.688,-0.872,-0.6709999999999999,-0.5623,-1.148,0.022000000000000002,-0.7015,0.1564,-0.06,0.524,0.396,0.4974,0.2478,-0.0136,-0.314,-0.0492,0.562,-0.7349,-0.217,-0.039,-0.1687,0.45,1.2183,-0.013999999999999999,-0.4311,0.2998,0.0029,-0.253,-0.4525,0.092,0.35700000000000004,0.795,-0.049,-0.3716,-0.319,0.2172,-0.013000000000000001,-0.988,0.1768,-0.125,-0.1641,0.302,-1.286,-0.1067,0.063,-0.021,0.078,0.3715,0.14800000000000002,0.654,0.105,0.835,0.5411,0.16399999999999998,0.11699999999999999
11CO033,0.47,0.4339,0.674,0.027999999999999997,-0.16399999999999998,0.013999999999999999,0.45399999999999996,0.7440000000000001,0.1062,0.312,0.04,-1.105,0.061,0.128,0.247,-0.253,-0.23800000000000002,1.317,2.87,-0.868,0.5861,0.0619,0.018000000000000002,-0.0596,-0.40299999999999997,0.32,-0.893,1.0232,0.2288,0.614,0.7094,-0.2033,-0.11900000000000001,-0.594,-0.1085,-0.0747,-0.561,-0.0335,-0.1169,0.973,-0.2543,0.0856,0.7490000000000001,1.169,-0.017,-0.13699999999999998,-0.787,-0.54,-0.2761,-1.544,0.263,-0.29100000000000004,-0.047,0.73,-0.0347,-0.6744,-0.2681,0.32799999999999996,-0.153,-0.502,0.1234,-0.322,-0.37799999999999995,-0.135,0.9789,-0.1176,-0.598,0.24600000000000002,0.1709,-0.7802,0.0,0.005,0.298,-0.1435,-0.369,-0.408,0.018000000000000002,-0.42700000000000005,0.373,-1.067,-0.56,-0.2353,-0.718,0.7247,-0.1886,-0.608,0.3106,0.067,0.0127,0.575,-0.5483,-0.2317,0.1767,-0.0879,0.2839,-0.08199999999999999,-0.2717,-0.0811,-0.542,0.6709999999999999
11CO036,0.539,0.312,0.1435,-0.456,0.1451,0.29100000000000004,0.93,0.653,0.161,0.29100000000000004,-1.122,-0.87,-0.573,0.11599999999999999,-0.077,0.106,-0.2516,0.4062,3.7560000000000002,-0.792,-0.3015,0.3073,0.3625,0.174,0.0934,-0.047,-0.655,0.299,0.155,0.9490000000000001,0.26,0.414,0.048,-0.4349,-0.7672,-0.1858,-0.0855,0.2054,-0.0894,1.89,0.1762,0.4419,0.8859999999999999,0.2884,-0.5489999999999999,-0.2793,-0.765,-0.4024,0.29600000000000004,-1.511,0.68,-0.3564,-0.2986,0.057999999999999996,-0.095,-0.5568,-0.444,1.052,-0.2869,-0.0784,0.204,-0.49200000000000005,-0.053,0.4925,-0.1903,-0.778,-0.012,0.775,-0.0209,-0.2609,0.47700000000000004,-0.0656,-0.0655,-0.675,-0.5369,0.284,0.1465,-0.3189,0.384,-0.044000000000000004,-0.573,0.172,-1.9869999999999999,0.264,-0.154,0.3383,-0.065,-0.9490000000000001,-0.2781,0.384,-0.153,0.431,0.2694,0.442,0.505,-0.275,0.18,0.585,0.1451,-0.626
11CO037,0.2284,0.0457,0.523,0.303,-0.4057,0.324,0.625,-0.154,0.1877,-0.0015,-0.966,-0.2198,-1.308,0.1963,0.0668,-0.4292,-0.1488,0.826,0.209,0.048,-0.02,-0.292,0.3171,0.0535,-1.062,-0.207,-0.885,-0.11599999999999999,0.677,-0.3573,0.0377,0.1431,0.10800000000000001,-0.0752,-0.26899999999999996,-0.25,-0.05,0.34700000000000003,0.0005,0.29100000000000004,0.3255,0.28800000000000003,-0.1853,-0.15,0.3761,0.177,-0.5379999999999999,0.0656,0.516,-1.18,0.293,0.449,0.004,0.397,0.3108,0.2192,-0.28600000000000003,-0.2712,0.0995,-0.1653,-0.2207,0.0967,-0.39799999999999996,0.5411,0.0654,-0.3393,-0.027000000000000003,-0.457,0.1693,-0.1597,0.2329,-0.21600000000000003,0.491,-0.5939,-0.4355,0.248,-0.1699,0.354,-0.5,-0.11,0.0762,-0.0893,-1.209,-0.2066,0.413,-0.498,-0.031,-0.561,0.1699,0.2701,-0.23199999999999998,-1.5659999999999998,0.48700000000000004,0.0149,0.354,-0.2937,-0.6213,-0.096,-0.2,-0.48700000000000004
11CO039,-0.2009,-0.0074,0.078,-0.6591,0.3017,0.21899999999999997,0.924,0.47700000000000004,0.58,0.1003,-0.569,0.1439,0.037000000000000005,0.88,-0.124,-0.071,-0.292,-0.444,-0.6971,-0.2444,-0.6034,-0.2748,-0.444,0.1493,-0.484,0.1431,-1.0070000000000001,-0.1631,0.539,0.043,-0.816,0.6359,-0.426,0.0729,-0.945,0.45299999999999996,0.594,-0.2237,0.727,1.2009999999999998,-0.044000000000000004,1.055,-0.23199999999999998,0.643,-0.4865,0.10300000000000001,-0.9722,-0.355,0.1133,-0.474,0.4637,0.1779,-0.47100000000000003,-0.38799999999999996,-1.148,0.45,0.446,0.066,0.2097,-0.392,0.9209999999999999,0.002,-1.46,0.055999999999999994,0.3802,-0.4318,0.8109999999999999,0.495,0.262,-0.42200000000000004,0.715,1.192,0.615,-0.4,-0.161,0.8071,0.043,-0.995,-0.21600000000000003,-0.7240000000000001,-0.1767,0.006,-0.2735,-0.8740000000000001,0.76,0.18,0.1729,-0.0326,-0.1268,0.1917,-0.3451,-0.615,1.048,0.1896,0.7829999999999999,0.5576,0.105,0.26,0.772,-0.1271
11CO042,0.1973,-0.0713,-0.031,-0.2317,-0.0638,0.40399999999999997,0.9990000000000001,0.0793,0.4705,-0.29600000000000004,-0.907,-0.948,-0.5329999999999999,0.21899999999999997,0.508,-0.445,-0.6809999999999999,0.45799999999999996,1.4873,0.177,-1.4480000000000002,-0.318,-0.0628,0.3727,0.025,-0.325,-1.504,-0.9520000000000001,-0.0549,0.0771,0.0997,-0.0474,-0.0523,-0.36200000000000004,-0.2732,-0.1279,0.055999999999999994,-0.0215,0.58,0.3009,0.1561,0.4056,0.2219,-0.133,0.254,-0.3138,-1.453,-1.068,0.1415,-1.9409999999999998,0.5236,0.2032,0.052000000000000005,-0.452,0.038,-0.3586,0.264,-0.11699999999999999,0.465,0.0522,0.3758,-0.027000000000000003,-1.216,-0.544,0.757,-0.2622,0.4293,-0.005,0.1403,-0.0564,-0.1424,-0.203,0.685,-0.43,-0.231,0.1884,-0.1735,-0.444,-0.228,-0.304,0.12,-0.4627,-1.307,1.232,-1.6130000000000002,0.2788,0.1502,-0.633,0.0861,-0.0371,-0.4958,-1.413,0.3812,0.37200000000000005,0.5855,0.39,-0.6509999999999999,0.036000000000000004,-1.4340000000000002,0.991
11CO043,0.1721,0.0154,0.0803,-0.522,0.2113,-0.032,0.996,0.1869,0.488,-0.3547,-0.529,-0.4804,-0.49200000000000005,0.0333,-0.0024,-0.1311,-0.511,0.753,2.096,-0.017,0.006,0.11699999999999999,-0.142,0.308,0.098,0.02,-0.835,0.14800000000000002,0.1111,0.0735,-0.21899999999999997,0.2251,-0.3719,-0.2731,-1.248,0.0443,-0.4497,0.1721,0.061,0.991,0.2029,0.41600000000000004,-0.024,0.2835,-0.509,0.043,-0.693,-0.1401,0.319,-2.6660000000000004,0.292,-0.158,-0.0704,-0.5069,-0.45899999999999996,-0.2725,-0.4041,-0.222,-0.2968,0.0131,-0.39799999999999996,-0.165,-0.37200000000000005,0.0475,-0.0494,-0.147,0.8490000000000001,0.2321,-0.0833,0.057999999999999996,0.527,0.0204,0.44299999999999995,-0.494,-0.6409999999999999,0.1293,-0.0085,-0.255,0.0075,-0.042,-0.424,-0.807,-1.3869999999999998,0.379,0.1496,-0.0525,-0.2418,-0.672,-0.09300000000000001,-0.0437,-0.004,-0.9159999999999999,0.2452,0.1671,0.536,0.096,0.1974,0.2898,-0.222,0.2812
11CO044,0.331,0.4612,0.2993,0.3496,0.0518,-0.0829,0.39,-0.035,0.634,0.198,-0.046,-1.0842,-0.4889,0.754,0.0536,0.019,-0.3809,1.069,3.66,-0.3011,-0.242,-0.5770000000000001,-0.0977,0.622,0.213,-0.344,-0.428,0.5760000000000001,0.175,0.3553,0.275,0.1339,0.028999999999999998,-0.579,-0.6863,0.1452,0.2446,0.183,0.6294,0.812,0.0822,0.2977,0.708,0.0013,-0.358,0.9277,-1.104,0.6990000000000001,1.104,-1.775,0.3356,-0.1119,0.4532,0.301,-0.1855,-0.3151,0.0459,0.005,-0.0317,-0.07,-0.4165,-0.1334,-0.687,0.064,0.907,-0.794,0.0562,0.607,0.4836,0.0388,1.168,0.0187,0.8690000000000001,-0.9470000000000001,-0.7759999999999999,0.2924,-0.1933,-0.17300000000000001,-0.45,-0.608,-0.426,0.3387,-1.5190000000000001,-0.3693,-0.3348,-0.3709,-0.3037,-0.442,-0.0752,-0.016,0.397,-0.3995,0.067,-0.017,0.3443,0.066,-0.1632,0.184,-0.544,0.4915
11CO045,0.2727,-0.0616,0.2999,-0.1718,-0.01,-0.08800000000000001,0.4021,-0.0494,0.391,0.027999999999999997,-1.3319999999999999,-1.177,-1.057,0.344,0.2543,-0.153,-0.6009,1.65,2.455,-0.759,-0.6659999999999999,0.447,-0.4516,0.41200000000000003,0.4487,-0.2085,-1.5630000000000002,-0.099,0.0755,0.2174,-0.0827,0.006999999999999999,0.1276,-0.154,-0.5859,-0.21899999999999997,-0.2243,0.1006,0.215,0.545,-0.0127,0.2955,0.466,0.196,0.4035,-0.266,-2.18,-0.56,-0.3188,-2.47,0.1166,-0.0686,-0.139,0.1416,0.1093,-0.4045,0.2331,-0.079,0.4175,-0.37,-0.2897,-0.638,-0.1897,0.38,0.2978,0.0769,0.1134,0.11900000000000001,0.0224,-0.1814,-0.08199999999999999,0.608,0.5127,-0.915,-1.534,0.134,-0.299,-0.7559999999999999,-0.581,0.09,-0.37,0.0664,-1.87,0.354,-1.1059999999999999,-0.0047,0.071,-0.97,0.131,-0.0141,-0.49,-1.65,0.307,0.285,0.2786,-0.4829,-0.402,-0.037000000000000005,-1.2209999999999999,0.0704
11CO047,0.3337,0.2345,0.063,-0.441,0.2125,0.3435,0.75,0.433,0.614,-0.0084,-0.626,-0.4016,-0.7190000000000001,0.1398,-0.20800000000000002,-0.2603,-0.0156,0.5577,2.5669999999999997,-0.5870000000000001,-0.46299999999999997,0.039,0.2565,0.2886,-0.135,-0.0988,-0.5793,-0.4228,0.3101,0.7824,0.3582,0.069,0.1674,-0.86,-0.43,-0.1403,-0.2239,0.2568,0.1361,1.272,0.1055,0.2483,1.0943,0.1969,-0.5355,0.0125,-1.329,-0.2455,-0.0293,-1.8230000000000002,0.361,-0.3946,0.129,0.0833,-0.251,-0.371,0.1638,1.195,-0.2368,-0.139,-1.126,-0.217,0.21600000000000003,0.35,0.565,-0.45299999999999996,0.3435,0.5283,0.0653,-0.0707,0.858,0.3786,0.509,-0.534,-0.23,0.39,-0.054000000000000006,-0.2589,0.1384,-0.4198,-0.3755,-0.6768,-0.8270000000000001,-0.215,-0.4172,0.326,-0.1805,-0.7340000000000001,-0.335,0.0938,-0.484,-0.33799999999999997,0.0907,0.0717,0.516,0.304,-0.94,0.2367,-0.29,0.825
11CO048,-0.1572,0.1017,0.2145,-0.1168,-0.10300000000000001,0.2001,0.7090000000000001,0.1959,0.317,0.2593,-0.0661,-0.1479,0.1604,0.3866,-0.521,-0.109,-0.26,0.42,0.364,-0.33899999999999997,0.4704,-0.4593,0.2474,0.0565,-0.4767,0.26899999999999996,-1.181,0.5697,-0.055,0.0097,0.071,0.1578,0.0308,-0.777,-0.22,-0.2775,0.0257,-0.0609,0.0492,0.41600000000000004,-0.1743,0.3321,0.212,0.1641,-0.4647,0.92,-1.004,-0.1312,0.667,-2.024,0.1421,-0.1561,-0.3983,0.011000000000000001,0.139,-0.1625,-0.03,0.061,-0.2792,-0.938,-0.53,0.264,0.043,-0.1032,0.5632,-0.381,0.461,0.67,0.34600000000000003,0.027999999999999997,0.627,-0.0674,0.1405,-0.866,-0.049,-0.1421,0.0906,-0.336,0.2486,-0.2443,0.035,-0.1823,-0.0658,-0.389,0.281,-0.177,-0.002,-0.46,-0.1618,0.0933,-0.3044,0.2067,0.217,-0.2281,0.7170000000000001,-0.0001,-0.026000000000000002,-0.1681,0.057,0.27
11CO051,0.147,0.1281,-0.063,-0.392,-0.1155,-0.0052,0.433,0.2972,0.2843,-0.43700000000000006,-0.5429999999999999,-0.685,-0.6209,0.396,0.341,0.03,-0.2828,0.579,0.8969,-0.20800000000000002,-0.452,-0.3059,-0.0008,0.1668,0.222,-0.1108,-0.4314,0.4372,0.731,-0.0163,0.091,0.446,0.063,0.0968,-1.446,0.0756,-0.028999999999999998,0.223,0.3451,0.4259,0.2838,0.073,0.467,-0.3622,-0.2339,0.0161,-0.841,-0.1104,-0.575,-1.8630000000000002,0.3451,-0.4957,0.2004,0.035,-0.044000000000000004,-0.3276,0.2021,0.8140000000000001,-0.1689,0.087,-0.583,0.10800000000000001,-0.41600000000000004,-0.1157,-0.036000000000000004,-0.1188,0.6677,-0.098,0.08199999999999999,-0.48100000000000004,-0.1534,0.1134,-0.451,-0.502,-0.1993,0.36200000000000004,-0.1131,-0.652,0.1088,-0.586,-0.1201,-0.742,-0.99,-0.171,-0.4662,0.2892,-0.1295,-0.462,-0.0153,0.0543,-0.3262,-0.575,0.292,0.0293,0.665,-0.0417,-0.187,0.2019,-0.4328,-0.4464
11CO052,0.1707,-0.0208,0.4539,-0.2143,0.47,-0.268,0.1557,0.1533,0.1972,0.777,-0.951,-0.855,-0.33799999999999997,0.355,-0.0689,0.0075,-0.1194,1.465,1.824,-0.813,-0.33899999999999997,0.17,-0.298,0.1714,0.3362,0.1964,-1.285,-0.373,1.2002,0.205,0.024,0.447,0.0089,-0.0499,-1.415,-0.0652,0.071,0.05,0.48200000000000004,0.9670000000000001,0.0292,0.040999999999999995,0.39799999999999996,0.1866,0.1744,0.285,-1.359,-0.0153,0.1315,-1.083,-0.044000000000000004,0.139,0.3138,-0.0564,0.1273,-0.597,0.03,0.235,-0.3619,-0.0586,-0.0347,-0.4556,-0.6578,0.0522,-0.1418,-0.094,0.2176,0.985,0.0804,-0.948,0.1858,0.3249,-0.10800000000000001,-0.6409999999999999,-0.478,0.1729,-0.031,-0.35100000000000003,0.293,-0.067,-0.6859999999999999,-0.2988,-1.9180000000000001,-0.526,-0.4485,0.106,-0.1175,-0.36700000000000005,0.1034,-0.0851,-0.44799999999999995,-0.183,0.262,0.335,0.6459999999999999,-0.205,0.196,0.263,-0.212,0.11599999999999999
11CO053,-0.1559,0.3151,0.2096,-0.14400000000000002,-0.0986,0.5760000000000001,1.3559999999999999,0.3727,0.45299999999999996,-0.083,-0.6634,-0.4333,-0.435,0.413,-0.302,-0.32799999999999996,-0.515,0.09,0.597,0.142,-0.1876,-0.145,0.1805,0.18899999999999997,-0.0416,0.2155,-0.897,0.545,-0.065,-0.2125,-0.0525,0.41600000000000004,-0.2059,-0.3424,-1.145,-0.043,0.1211,0.0647,0.758,0.301,0.1268,1.078,-0.33299999999999996,0.3781,-0.653,0.3216,-1.81,0.282,-0.4193,-2.041,0.5544,-0.0894,0.11900000000000001,-0.599,0.0776,-0.0788,0.3621,-0.138,0.012,-0.0918,0.027000000000000003,0.2306,-1.028,-0.867,0.565,-0.45899999999999996,0.8240000000000001,0.3753,0.40399999999999997,-0.647,0.225,0.532,0.5539999999999999,-0.6629999999999999,-0.2141,0.426,-0.1274,-0.636,0.16399999999999998,-0.648,-0.24100000000000002,-0.569,-1.215,-0.4943,0.4482,0.4247,0.0957,-0.747,-0.01,0.1469,0.0232,-0.2558,0.825,0.1776,0.7290000000000001,0.2815,-0.4633,0.294,-0.195,-0.012
11CO054,0.4525,0.1693,-0.1472,-0.589,0.12,0.08199999999999999,1.071,0.525,0.604,-0.1159,-0.1995,0.1888,-0.0741,0.387,-0.0563,-0.2169,-0.0404,0.094,1.956,-0.069,-0.5541,-0.174,0.7218,0.18100000000000002,-0.1802,-0.0678,-0.6886,-0.5362,0.368,0.0205,0.622,0.2665,-0.359,-0.2314,-0.705,-0.22699999999999998,0.0692,0.2256,0.49700000000000005,0.9803,0.366,0.547,0.875,0.815,-0.2105,-0.292,-0.737,0.322,0.899,-2.005,0.56,-0.507,0.4894,0.52,0.419,-0.1533,-0.1055,0.978,-0.1808,-0.2925,0.091,0.354,-1.518,0.0817,0.612,-0.327,-0.316,0.47200000000000003,-0.2408,-0.309,0.2469,0.0995,-0.1706,-0.7120000000000001,0.037000000000000005,0.0204,-0.0546,0.0189,-0.0543,-0.48,-0.196,-0.593,-1.535,0.126,-1.0959999999999999,0.449,-0.1675,-0.769,0.0321,0.1506,-0.3252,-0.4244,0.47700000000000004,0.3,1.041,0.31,-0.56,-0.0529,-0.86,-0.9112
11CO057,0.0981,0.11199999999999999,0.365,0.5920000000000001,0.018000000000000002,0.2192,1.4980000000000002,-0.0332,0.489,0.2272,-0.53,0.075,-0.18899999999999997,0.3191,-0.3212,-0.963,-0.5539999999999999,0.865,4.26,0.4376,-0.914,0.115,-0.2566,0.469,-0.0042,0.09,-0.55,-0.589,0.5879,0.1918,-0.3614,0.2052,-0.185,-0.862,-1.168,-0.2569,0.8058,-0.1252,0.1975,1.355,0.0572,0.1634,0.3213,-0.365,0.1458,0.2956,-0.71,0.4445,0.591,-2.313,0.541,-0.1649,-0.2883,-0.105,-0.41200000000000003,0.4377,0.7959999999999999,-0.5244,0.35600000000000004,-0.1609,0.231,0.131,-1.245,0.1377,0.32299999999999995,-0.37799999999999995,0.155,0.597,0.397,0.142,0.3408,-0.0298,-0.057,0.248,0.883,0.424,-0.048,0.2061,-0.2305,-0.044000000000000004,0.11199999999999999,-0.067,-2.76,-0.163,-0.1987,-0.2399,0.33299999999999996,-0.9333,0.308,-0.0255,0.302,-1.962,0.439,0.1799,1.23,0.6063,-0.475,0.5465,-0.608,0.3356
11CO058,0.3204,0.374,0.10300000000000001,-0.392,-0.0507,0.28300000000000003,0.6646,0.129,0.2074,0.1994,-0.509,-0.83,-0.43,-0.20600000000000002,-0.0964,-0.0798,-0.166,0.6179,-1.023,-0.1601,-0.451,-0.1441,-0.27899999999999997,0.1764,-0.3848,0.122,-0.958,0.127,0.2668,0.0283,0.341,0.365,-0.1771,-0.604,-0.7040000000000001,-0.1345,0.1033,0.2856,0.0293,0.371,0.303,0.2021,-0.124,-0.1758,-0.1651,0.457,-0.963,0.2153,-0.45299999999999996,-1.6030000000000002,0.355,0.07400000000000001,0.015,-0.1075,0.532,-0.281,-0.478,-0.9144,0.038,-0.2467,0.0396,-0.124,-0.01,-0.012,-0.0691,0.0444,0.726,-0.0355,-0.0943,-0.2409,0.2103,-0.376,0.1932,-0.363,-0.281,0.35200000000000004,-0.0535,-0.6833,-0.0838,-0.3771,-0.43700000000000006,-0.848,-0.8079999999999999,-0.1874,0.047,-0.2458,-0.0653,-0.485,0.0372,0.4377,-0.3746,-0.037000000000000005,0.245,0.1046,0.535,-0.2772,0.445,-0.35100000000000003,-0.066,0.528
11CO061,0.1536,0.23199999999999998,-0.0716,0.2497,0.1674,0.0652,0.5171,0.316,0.168,0.0135,-0.66,-0.882,-0.3065,-0.1226,0.1425,-0.0865,-0.2337,0.7879999999999999,1.96,-0.6759999999999999,0.7929999999999999,0.2943,0.133,0.107,-0.677,-0.0455,-0.4355,0.22,0.61,0.3476,0.223,0.0529,0.3175,0.40700000000000003,-1.047,0.2258,-0.0879,-0.0164,0.22399999999999998,0.9243,0.0498,-0.307,0.295,1.0070000000000001,-0.14300000000000002,0.085,-0.815,0.0863,0.386,-1.335,0.127,-0.223,0.7190000000000001,0.2621,-0.126,-0.1557,-0.2705,-0.385,-0.2233,0.057,0.8370000000000001,-0.462,-0.675,0.33299999999999996,-0.3596,-0.33,0.3495,0.509,0.337,0.0159,0.377,0.245,0.4269,-0.4026,-0.441,0.42100000000000004,0.1094,-0.735,0.0756,-0.2142,-0.3306,-0.7,-0.28,0.35100000000000003,-0.265,0.1398,0.0738,-0.5536,0.2399,0.389,0.0712,-0.521,0.1062,0.0209,0.457,0.1101,-0.10099999999999999,0.1017,-0.098,-0.1
11CO062,0.2822,0.0307,0.1365,-0.7070000000000001,0.1069,0.2689,0.0922,0.622,0.4482,-0.1564,-0.0383,1.268,-0.645,0.727,-0.6327,0.284,-0.009000000000000001,0.217,2.454,-0.5095,-0.006,0.2708,0.1474,-0.121,0.21,0.027000000000000003,-0.0669,-0.16399999999999998,0.0784,0.315,0.156,-0.094,-0.1433,-0.512,-0.3613,-0.42200000000000004,0.08,0.1882,0.242,0.32799999999999996,0.141,-0.2114,0.821,0.09300000000000001,-0.031,-0.057999999999999996,-0.1009,-0.261,-0.465,-1.6769999999999998,0.17600000000000002,-0.2132,0.1771,-0.115,-0.10300000000000001,-0.223,0.4589,0.5827,-0.456,-0.254,0.345,-0.364,-0.155,0.301,-0.0153,-0.5331,0.2745,-0.446,0.265,-0.2205,0.28,0.2418,-0.401,-0.664,0.619,0.5292,0.0914,0.08199999999999999,0.366,-0.4182,-0.235,-0.035,-0.071,-0.495,0.039,0.58,-0.091,-0.5546,-0.17800000000000002,0.0988,0.1091,-0.7090000000000001,-0.2183,0.0804,0.078,-0.0917,0.767,0.2884,0.5770000000000001,0.2499
11CO070,0.3112,0.6259,0.0844,-0.2209,-1.025,1.05,1.057,0.2174,0.4548,-0.132,-0.3786,0.055,-0.4176,0.467,-0.086,0.079,0.10300000000000001,0.8270000000000001,4.81,-0.9740000000000001,-0.2842,0.6188,-0.405,0.19699999999999998,0.052000000000000005,0.0436,-0.589,0.2279,0.4017,0.265,-0.127,0.2679,0.40700000000000003,-0.47100000000000003,-1.1,-0.2067,-0.038,0.233,-0.1423,2.326,-0.043,0.049,0.19,0.662,-0.855,-0.385,-1.7719999999999998,0.0108,0.484,-1.666,0.4761,0.2675,0.7211,-0.609,0.237,-0.45899999999999996,0.2835,0.2383,-0.818,-0.3665,-2.256,-0.26899999999999996,0.156,-0.2889,-0.26,-0.6278,-0.272,0.511,0.239,-0.124,0.006999999999999999,-0.9159,-0.031,-0.1926,-0.4715,0.831,-0.0255,-0.606,0.2453,0.0153,0.018000000000000002,-0.524,-0.855,-0.174,0.573,0.586,-0.086,-0.784,-0.239,0.36200000000000004,0.2916,-0.304,0.4359,0.024,0.755,0.7717,0.196,1.084,0.442,0.1157
11CO072,0.1493,0.551,-0.3035,-0.3448,-0.268,-0.049,0.8190000000000001,-0.212,0.738,0.2034,-0.9279999999999999,-0.012,0.3059,0.115,-0.0326,0.6809999999999999,-0.297,-1.0759999999999998,2.0180000000000002,0.29100000000000004,-0.725,0.546,0.1125,0.644,-0.237,0.1357,-1.52,-0.941,0.693,0.335,-0.2676,0.2422,-0.326,0.6829999999999999,-0.763,-0.2731,-0.28300000000000003,0.2648,0.491,1.69,0.1194,0.501,0.305,0.4,-0.899,-0.397,-1.2890000000000001,-0.1874,0.191,-2.6010000000000004,0.752,0.3155,-0.687,-0.135,0.539,-0.6478,0.563,0.337,0.076,-0.369,-0.475,-0.905,-1.534,0.3473,0.43200000000000005,-0.887,0.88,0.036000000000000004,-0.331,0.3731,0.919,0.2317,0.016,-0.78,-0.9787,0.6084,0.1165,0.5244,-0.289,-0.131,0.4508,-0.6621,-1.2766,-0.9109999999999999,0.29,0.449,0.036000000000000004,-0.897,0.1937,0.6759999999999999,0.363,-0.602,0.542,0.46799999999999997,0.862,-0.028999999999999998,0.6579999999999999,0.716,-0.301,0.2543
11CO077,0.006999999999999999,0.0851,0.1965,-0.158,0.047,-0.141,0.9990000000000001,0.2955,0.365,0.1879,-0.3697,-0.33799999999999997,-0.28300000000000003,-0.038,-0.2155,-0.4062,-0.32899999999999996,1.347,1.6680000000000001,-0.006,0.0626,0.35,-0.0165,0.0746,-0.0929,-0.2332,-1.24,0.0046,0.423,0.1005,-0.475,0.29600000000000004,-0.377,-0.2402,-1.44,0.0749,0.005,-0.1049,0.348,-0.053,0.1259,0.27399999999999997,-0.24100000000000002,0.424,0.0171,0.3013,-1.168,0.2705,0.828,-3.51,0.3249,-0.0426,0.29,0.047,0.2531,-0.504,-0.2615,-0.2014,0.1932,0.0321,0.433,-0.0883,-1.4769999999999999,-0.522,0.27699999999999997,0.309,0.386,0.13,-0.2738,-0.2878,0.11800000000000001,0.371,0.3506,-0.622,-0.6021,0.1592,-0.1149,0.0442,-0.11699999999999999,-0.3595,-0.332,-0.2636,-1.425,-0.429,-0.5753,0.0325,-0.085,-0.669,-0.0126,0.121,-0.5489999999999999,-0.3579,0.28300000000000003,0.22699999999999998,0.304,0.2015,-0.0522,-0.287,-0.515,0.19399999999999998
11CO079,0.3442,0.1656,-0.0654,-0.369,0.0786,0.091,0.5687,0.068,0.493,-0.2713,-0.905,-0.728,-0.031,0.4111,0.1075,0.028999999999999998,-0.2733,0.2073,2.88,0.24100000000000002,-0.578,-0.611,0.1603,0.462,-0.6065,-0.413,-0.772,-0.3563,-0.1878,-0.2037,-0.1,-0.1201,-0.0143,0.006999999999999999,-0.612,-0.015,-0.818,0.20800000000000002,0.2376,0.331,0.1599,0.648,0.5489999999999999,-0.2759,-0.059000000000000004,-0.004,-0.8802,-1.063,-0.0039,-1.3619999999999999,0.4345,0.1403,0.0423,-0.0694,0.693,0.002,-0.636,0.0307,0.2038,-0.0982,-0.2748,-0.5267,-1.524,-0.157,0.446,-0.3036,0.39899999999999997,0.503,-0.2721,0.11599999999999999,1.2930000000000001,-0.4226,0.769,-0.5747,-1.112,0.2442,-0.0132,0.07200000000000001,-0.494,-0.797,0.0804,-0.575,-0.941,0.003,0.0389,-0.2515,0.1863,-0.8590000000000001,-0.0086,0.353,-0.43200000000000005,1.2329999999999999,0.2807,0.1294,0.58,-0.05,-0.055,-0.48,-0.0914,0.442
14CO005,0.015,0.365,-0.3393,-0.54,0.39,0.341,1.092,0.5128,0.376,0.151,-0.8740000000000001,-0.251,-0.6920000000000001,0.225,-0.489,-0.09699999999999999,-0.5431,-0.349,2.674,-0.0773,-1.0659999999999998,-0.192,-0.002,0.0295,-0.5551,-0.1733,-0.6679999999999999,-0.2936,-0.0079,0.0193,-0.4514,0.32799999999999996,-0.0685,-0.18899999999999997,-1.94,-0.2156,0.4827,-0.06,0.2666,1.016,0.233,0.3688,0.332,-0.312,-0.596,-0.1576,-0.467,0.1822,-0.654,-2.031,0.2136,-0.1316,0.278,0.0022,0.2847,0.1631,0.1257,0.32299999999999995,-0.435,0.1136,0.5157,-0.433,-1.581,-0.4852,0.3008,-0.3254,1.182,-0.0771,0.3638,-1.06,0.945,1.3719999999999999,-0.1286,-0.542,0.057,0.56,0.285,1.235,0.1749,-0.625,0.1093,-0.0869,-0.8759999999999999,-0.968,0.16699999999999998,0.2198,-0.0425,-0.127,0.1036,-0.0052,-0.4952,-0.6114,0.569,0.2764,0.5708,0.574,1.905,0.262,-0.568,0.763
15CO001,0.0473,0.0403,0.2166,-0.01,-0.0019,-0.578,1.127,0.28300000000000003,0.606,-0.389,-0.163,0.001,0.1332,0.6759999999999999,-0.0976,-0.693,-0.674,-0.589,-0.15,-0.2698,-0.4215,-0.423,-0.45,0.1756,-0.2334,0.2969,0.573,0.005,0.2731,-0.001,-1.013,0.3973,-0.1733,-0.958,-1.358,0.6755,-0.0278,0.2083,-0.085,-0.047,0.475,1.249,-0.047,0.027000000000000003,0.345,0.1701,-1.581,-0.249,-0.524,-1.0170000000000001,0.843,0.562,-0.276,-0.498,0.48100000000000004,0.259,0.769,-0.8059999999999999,-0.1855,0.331,0.546,0.40399999999999997,-1.433,0.2962,0.5112,-0.201,-0.095,0.626,0.6412,-0.23199999999999998,-1.0193,0.068,-0.5243,0.319,-0.1405,0.55,0.3814,-1.555,0.414,-0.9359999999999999,0.0616,-0.2697,-0.142,-1.0837,0.2118,0.452,-0.142,0.004,-0.3243,-0.1858,-0.2087,-2.229,0.648,0.324,0.52,0.584,1.2329999999999999,0.45899999999999996,0.6543,0.2144
15CO002,0.2355,0.1124,-0.0623,-0.3211,-0.20199999999999999,0.391,1.002,0.602,0.6409999999999999,-0.0042,-0.5651,0.24,-0.449,0.922,-0.41600000000000004,-0.003,-0.2084,-0.3997,0.02,-0.019,-0.11699999999999999,-0.551,-0.6088,0.0229,-0.1204,0.1107,-0.349,-0.0692,0.42100000000000004,0.1075,-0.2218,0.456,-0.2807,-0.29,-2.4130000000000003,0.008,-0.1495,0.1358,0.065,0.6638,0.45799999999999996,0.619,0.006999999999999999,0.0102,-0.883,-0.1168,-0.491,0.0053,0.5403,-1.3940000000000001,0.8390000000000001,0.004,-0.0316,-0.2093,0.48700000000000004,-0.057999999999999996,0.087,0.5275,-0.163,-0.3317,0.3048,-0.009000000000000001,-0.7959999999999999,-0.2772,0.5529999999999999,-0.4143,0.431,0.6415,-0.079,0.10300000000000001,0.526,0.017,-0.0571,-0.3789,-0.065,0.644,-0.0647,-0.4742,-0.0048,-1.287,-0.3346,0.018000000000000002,-1.0433,-0.966,0.012,0.5770000000000001,0.344,-0.545,-0.23399999999999999,-0.015,-0.0047,-0.7549,0.623,0.26,0.486,0.35200000000000004,0.792,0.025,0.0143,0.344
16CO002,-0.11900000000000001,-0.3662,0.006,0.2892,0.3438,-0.6709999999999999,-0.3188,0.145,0.8370000000000001,0.1605,0.325,-0.26,2.6223,0.327,-0.753,-0.7231,1.209,-0.866,0.267,0.4357,0.9329999999999999,-0.057,0.29600000000000004,0.2132,-0.332,0.163,-0.638,0.3729,0.1605,0.204,-1.0659999999999998,-0.3595,-0.0954,-0.7609999999999999,-0.3769,-0.2222,0.268,-0.506,0.452,0.23,0.2804,-0.4032,-0.802,0.578,0.08900000000000001,0.004,-0.48100000000000004,1.1420000000000001,0.2849,-2.767,0.773,0.2679,-0.49200000000000005,0.126,1.175,0.637,0.382,-1.771,0.1299,0.1839,-0.303,0.878,-2.58,0.863,0.109,-0.037000000000000005,-0.18899999999999997,-0.6284,0.4207,0.042,3.26,-0.06,-0.635,0.42,1.3866,0.5479999999999999,-0.0985,1.8453,0.1685,-0.105,0.4433,0.023,-1.577,-1.146,1.101,-0.171,0.747,-0.171,-0.68,0.3556,0.755,-0.337,0.201,-0.040999999999999995,-0.43200000000000005,0.922,0.467,0.317,1.3419999999999999,0.17300000000000001
16CO003,0.1499,0.033,0.098,-0.2337,-0.131,0.4048,0.541,0.069,0.052000000000000005,-0.1225,-0.8059999999999999,-0.691,-0.2706,0.5538,-0.0844,0.053,-0.2199,0.5037,1.178,-0.003,-0.6929,-0.13,-0.1507,0.1197,-0.292,0.1685,-0.9555,-0.13699999999999998,-0.289,0.643,-0.162,-0.1082,-0.38799999999999996,0.603,-0.903,-0.3001,0.0212,0.1221,0.556,0.7825,-0.22899999999999998,0.7702,0.622,0.1234,-0.2778,0.245,-1.472,-0.015,-0.26,-1.702,0.3247,-0.519,-0.1087,-0.33,0.934,0.138,0.515,0.077,-0.10400000000000001,-0.298,0.7002,-0.04,-1.008,-0.079,0.188,-0.4096,0.647,0.035,-0.2117,-0.37,0.207,-0.0691,0.45,-0.434,0.3003,0.031,-0.0923,-0.45,-0.317,0.1694,-0.069,-0.07200000000000001,-0.762,-0.111,0.2588,-0.0695,0.037000000000000005,-0.6233,0.0199,-0.132,-0.3117,-0.8109999999999999,0.37799999999999995,0.0522,0.9324,0.0236,-0.6082,0.1355,-0.0771,0.0119
16CO006,0.2163,-0.302,-0.2625,-0.1778,-0.129,0.2328,1.021,0.2019,0.358,0.475,-0.529,-1.565,-0.701,0.7659999999999999,-0.716,-0.3406,-0.175,0.946,2.73,-0.1615,-0.40399999999999997,-0.2099,-0.172,-0.0442,0.3454,-0.2027,-0.812,0.616,0.375,0.2053,0.047,-0.175,0.2264,-0.447,-1.238,-0.0958,0.1845,0.2568,0.14400000000000002,0.625,0.1136,0.4053,0.586,0.46799999999999997,-0.3567,0.1588,-1.619,-0.11599999999999999,0.396,-2.45,0.614,0.0442,-0.1521,0.3448,-0.4849,-0.278,0.33899999999999997,0.546,0.1249,-0.2563,-0.13699999999999998,-0.222,-0.935,0.0352,0.2703,0.048,0.3589,0.18100000000000002,0.132,-0.53,0.46,-0.408,-0.361,-0.6940000000000001,-0.3937,0.2466,-0.1954,-0.3099,0.1085,-0.319,-0.486,-0.4342,-2.036,-0.292,-0.408,-0.053,-0.0505,-0.615,-0.1278,-0.16399999999999998,-0.355,0.33899999999999997,0.327,-0.096,0.639,-0.017,-0.496,0.287,-0.5567,-0.0225
16CO011,0.1654,0.2931,-0.1498,-0.1921,-0.3218,-0.504,1.364,0.268,0.922,0.063,-1.534,-0.0636,1.374,0.971,-0.19,0.9065,-0.5832,-0.599,0.51,-0.13,-0.6614,-0.01,-0.7909999999999999,0.509,-0.4924,-0.099,-1.51,-0.9570000000000001,0.6194,-0.08900000000000001,-0.4197,0.1652,-0.132,-0.753,-1.5659999999999998,0.1203,0.337,0.0685,-0.1274,0.9520000000000001,0.35100000000000003,0.836,0.2524,0.094,0.303,-1.128,-0.743,0.535,0.134,-3.49,1.39,0.1528,-0.1695,-1.0490000000000002,0.8187,-0.754,0.3921,0.052000000000000005,0.196,-0.525,0.162,-0.287,-1.196,-0.669,1.1,-0.615,1.369,0.9890000000000001,0.29,0.1337,0.4926,-0.024,1.1059999999999999,-0.03,-0.213,0.885,0.0734,-0.9940000000000001,-0.10099999999999999,-0.934,-0.193,0.591,-1.508,-0.43700000000000006,0.4443,0.638,0.573,-0.5676,-0.122,0.6795,0.8109999999999999,0.3839,0.856,0.344,1.6980000000000002,-0.2725,0.836,0.0386,-0.752,0.613
20CO001,0.498,0.4195,-0.1395,-0.067,-0.5225,0.012,0.765,0.2673,0.10300000000000001,-0.0351,-0.8390000000000001,-0.21100000000000002,-0.623,0.3008,0.3506,-0.2235,-0.1422,1.1603,1.318,-0.1011,-0.8190000000000001,-0.6163,0.2448,0.43799999999999994,0.474,-0.311,-0.091,0.341,-0.034,-0.305,0.01,-0.0977,-0.0122,-0.235,-1.1752,0.1155,0.615,0.551,-0.0944,-0.091,0.531,-0.1663,0.43700000000000006,-0.004,-1.624,0.308,-0.746,-0.1855,1.005,-1.321,0.0748,0.6394,-0.1614,-0.1831,-0.043,-0.3408,-0.2095,0.536,0.1046,-0.0401,-0.8109999999999999,-0.38799999999999996,-0.237,-0.467,0.0785,-0.079,-0.7290000000000001,-0.897,0.034,0.3839,-0.6339,-0.3358,-0.215,-0.133,-0.4829,0.23,0.156,-0.37,0.3461,-0.39899999999999997,0.24100000000000002,-0.085,-1.2179,0.217,0.086,0.2537,0.4875,-0.9309999999999999,0.2487,0.1678,-0.32,-0.772,-0.027999999999999997,-0.054000000000000006,0.2062,-0.8270000000000001,0.745,-0.7392,-0.536,0.09300000000000001
20CO003,0.3508,-0.1389,-0.37799999999999995,0.091,0.3722,0.1039,0.2499,0.2342,0.0709,-0.1565,-0.7659999999999999,-1.489,-0.5760000000000001,0.3755,0.3684,-0.155,-0.3985,1.8980000000000001,0.8690000000000001,-0.1069,0.1327,-0.618,0.094,-0.396,1.0490000000000002,-0.0206,-0.825,0.467,-0.2223,0.11599999999999999,0.01,-0.3002,0.1512,0.07400000000000001,-0.9351,0.1227,-0.1872,0.2391,0.723,1.5019999999999998,0.084,-0.0687,0.242,0.2097,0.4773,-0.067,-1.7790000000000001,0.759,-0.349,-1.4669999999999999,-0.0181,0.1385,-0.2796,-0.465,0.61,-0.733,-0.23199999999999998,-0.053,0.3355,0.0192,-0.361,0.09699999999999999,-0.46299999999999997,0.049,0.083,0.1965,0.122,-0.1086,0.063,-0.387,0.2186,-0.4264,-0.036000000000000004,-0.254,-0.797,-0.1812,-0.242,-0.126,-0.3282,-0.07200000000000001,-0.305,0.461,-1.662,0.157,-0.645,0.0486,0.03,-0.2274,0.0902,-0.1087,-0.3934,-0.4746,0.0779,-0.1546,0.046,0.0313,-0.7609999999999999,0.2794,-0.2197,-0.0632
20CO004,0.0905,0.45899999999999996,-0.299,-0.521,-0.159,-0.2634,1.156,0.595,0.946,0.105,-0.597,-0.9490000000000001,-0.405,0.693,-0.45899999999999996,-0.5233,-0.841,-0.414,1.085,0.5309,-0.647,-0.966,-0.8270000000000001,0.3656,-0.8340000000000001,-0.034,0.228,-0.344,0.78,0.1109,-0.728,0.3983,-0.1404,-0.42700000000000005,-2.8280000000000003,0.002,0.9157,0.2838,-0.466,1.825,0.42100000000000004,0.6559999999999999,0.1864,-0.08199999999999999,-0.4708,0.1252,-1.0979999999999999,0.593,0.11599999999999999,-2.5615,1.234,-0.4273,-0.0091,0.18600000000000003,0.1311,-0.495,0.626,0.0485,0.02,0.3455,0.2757,-0.0076,-1.9340000000000002,0.385,-0.052000000000000005,-0.9279999999999999,1.0045,0.34700000000000003,0.5348,0.0908,0.3422,0.467,0.18,-0.557,0.75,0.5,0.488,-0.26,0.574,-1.7630000000000001,0.389,-0.192,-0.215,-1.818,-0.207,-0.1459,-0.2266,-0.2873,-0.444,0.0029,-0.0281,-0.287,1.0979999999999999,0.2167,1.615,0.7,0.636,0.0761,0.023,0.2972
20CO006,-0.1212,0.515,0.1684,0.2499,0.789,0.0992,1.406,0.386,0.4373,0.565,-0.15,0.4044,0.1686,0.2428,-0.594,-0.013000000000000001,-0.3383,-0.754,0.49,-0.0285,-0.21899999999999997,-0.7170000000000001,-0.075,-0.1227,-0.81,0.257,0.14400000000000002,0.66,0.3816,-0.524,-0.361,0.273,0.542,-0.601,-1.96,-0.5,-0.2158,-0.0471,0.303,1.557,0.287,0.061,-0.44299999999999995,0.43799999999999994,-1.4880000000000002,1.3319999999999999,0.5094,0.8792,1.2770000000000001,-0.934,0.726,0.027999999999999997,-0.971,0.769,-0.534,0.3714,0.114,-0.084,-0.429,-0.1427,0.2214,0.22399999999999998,-1.963,0.05,0.0486,-0.634,0.317,0.203,-0.0232,-0.3299,1.4280000000000002,0.1798,-0.3795,-0.131,0.5379999999999999,0.084,0.0941,0.598,0.4,-1.409,0.289,-0.8390000000000001,-0.22699999999999998,-0.325,0.596,0.4932,-0.1432,-0.775,0.0666,-0.2238,-0.004,0.0475,0.1416,0.0227,0.7709999999999999,-0.0409,0.23800000000000002,0.253,0.4246,-0.1058
20CO007,0.0363,0.2232,0.1927,-0.182,0.3098,0.0282,0.955,0.2298,0.46299999999999997,0.4726,-0.647,0.036000000000000004,-0.0702,0.49700000000000005,-0.0189,0.42100000000000004,-0.1662,0.1767,-0.583,0.1625,0.289,-0.5579999999999999,-0.2573,0.4234,-0.1798,-0.1568,-0.2657,0.135,0.0856,0.079,-0.523,0.2577,-0.1696,-0.546,-2.246,-0.0143,0.051,0.2278,0.0582,-0.569,-0.3094,0.1412,-0.327,-0.1493,-0.0315,0.1085,-1.421,-0.1171,-0.753,-0.998,0.512,-0.365,0.268,-0.637,0.1788,-0.6859999999999999,0.415,-0.07,0.1025,0.0085,-0.3874,-0.1358,-1.067,-0.452,-0.0369,-0.551,0.33899999999999997,0.763,0.318,-0.0666,0.525,1.395,0.2214,-0.8759999999999999,-0.1397,0.3546,0.1096,-1.25,-0.0277,-0.914,-0.2372,0.2904,-0.7087,-1.307,0.054000000000000006,0.375,0.0527,-0.736,0.0585,0.2142,0.275,0.40299999999999997,0.483,0.264,0.828,0.41600000000000004,1.365,0.0724,-0.08800000000000001,0.187
21CO006,0.2331,0.0459,0.4589,-0.017,0.0445,0.309,0.5379999999999999,-0.0548,0.262,-0.2505,-1.084,-0.8379,-0.856,0.0594,0.3141,-0.081,-0.2286,0.794,0.973,-0.6514,-0.218,-0.1285,0.027000000000000003,0.486,0.1844,0.0317,-1.104,0.6,0.1359,0.1228,0.2005,0.2644,0.0711,-0.019,-0.56,-0.2267,-0.444,0.055,0.1921,-0.057,0.0578,0.1918,0.429,-0.106,-0.005,0.5329999999999999,-1.311,-0.45299999999999996,-0.785,-1.175,0.013000000000000001,-0.3194,0.2038,0.2941,0.9606,-0.2987,-0.247,0.1283,0.1288,-0.1683,0.1896,-0.557,-0.698,0.2399,0.5479999999999999,0.0909,0.0837,0.15,0.0504,-0.057999999999999996,-0.023,0.2495,0.345,-0.732,-0.998,0.013999999999999999,-0.2005,-0.348,-0.40299999999999997,-0.36700000000000005,-0.354,-0.341,-0.2994,0.1908,-0.509,-0.0474,0.1541,-0.49700000000000005,-0.0411,0.0821,-0.085,-0.695,0.3523,0.1581,0.341,-0.4177,-0.3472,-0.2458,-0.867,0.0577
21CO007,-0.0632,-0.27699999999999997,-0.527,-0.2807,0.145,0.74,0.7959999999999999,0.509,1.024,-0.196,-0.8558,0.304,0.0242,0.39799999999999996,-0.56,-0.363,-0.2491,-0.7008,1.068,-0.051,-0.9262,0.7475,-0.33,0.2502,-0.708,0.616,-0.8298,-0.7659999999999999,0.48700000000000004,0.3049,-0.3774,0.619,-0.4329,0.155,-2.044,-0.3946,0.2965,-0.1016,0.161,1.483,-0.1364,-0.1737,-0.441,0.11599999999999999,-0.4107,-0.121,-0.12300000000000001,0.506,-0.1688,-1.1077,-0.1,0.2186,-0.664,-1.182,-0.134,-0.8270000000000001,0.7829999999999999,0.337,-0.595,-0.146,0.527,0.1377,-1.607,0.555,0.787,-0.8909999999999999,0.995,0.17300000000000001,-0.0723,0.0555,1.3319999999999999,0.3466,-0.4491,-0.254,-0.161,1.025,-0.012,1.119,0.19399999999999998,-0.838,-0.496,-0.525,0.024,-0.682,0.535,0.993,-0.095,-1.119,-0.1025,-0.2404,0.8866,0.1365,0.586,0.253,0.9390000000000001,0.49,0.581,-0.069,0.152,-0.026000000000000002
22CO004,0.13699999999999998,0.1381,0.18899999999999997,0.1079,0.1396,-0.635,0.7190000000000001,0.331,0.2918,-0.0729,-0.62,-1.138,-0.684,-0.0277,0.1676,0.1317,-0.1679,-0.49700000000000005,-0.66,-0.057,0.2867,-0.6327,0.0517,0.1289,-0.1997,0.705,-0.5539999999999999,0.2046,0.2523,0.0785,-0.4177,0.545,-0.552,-0.19,-1.3940000000000001,0.2381,0.179,0.0412,-0.0039,0.97,0.0868,0.0875,0.146,-0.257,-0.452,0.0668,-0.938,0.0922,-0.41700000000000004,-0.768,0.2241,-0.07,-0.0724,-0.8109999999999999,0.0808,-0.4735,-0.52,-0.268,-0.3356,-0.1399,0.2833,0.133,-1.5590000000000002,0.017,0.23199999999999998,-0.591,0.718,0.499,-0.2181,-0.6152,0.040999999999999995,0.0564,0.1722,-0.514,0.2737,0.1104,0.1079,-0.19899999999999998,0.1611,-0.7275,-0.368,-1.082,-0.615,-0.732,0.205,-0.4084,-0.1382,-0.2973,0.0224,0.1059,-0.1932,-1.035,0.3778,0.35100000000000003,0.452,0.4357,0.615,-0.2616,0.047,-0.1012
22CO006,-0.131,0.1909,0.2211,-0.124,-0.138,-0.37799999999999995,0.5928,0.039,0.409,0.0555,-0.1138,-0.098,-0.2777,-0.5770000000000001,-0.2477,0.215,-0.2031,0.431,1.66,-0.612,-0.1137,0.841,0.075,0.634,-1.148,-0.0355,-0.002,-0.33799999999999997,0.1222,0.183,-0.45299999999999996,0.1953,-0.113,0.361,-1.0607,-0.192,-0.0459,-0.10300000000000001,0.3633,1.156,-0.1569,0.3369,0.434,0.3783,0.23600000000000002,0.162,0.113,0.1,0.2181,-0.16,0.47600000000000003,0.302,-0.0696,-0.1469,0.091,0.46799999999999997,0.223,-0.19699999999999998,0.0213,-0.622,-0.0109,-0.67,-0.39899999999999997,0.1119,-0.2257,-0.266,1.04,0.327,0.349,-0.2158,0.4336,-0.133,-0.3565,-0.044000000000000004,-0.027999999999999997,0.805,-0.129,0.066,0.3085,-0.0306,-0.2577,-1.001,-0.387,-1.094,0.266,-0.563,0.0256,-0.5873,0.217,-0.027000000000000003,-0.3806,-1.11,0.2355,0.3635,0.638,0.2551,-0.21,0.612,-0.138,0.091
27CO004,0.522,0.7609999999999999,0.1825,-0.1141,-0.6709999999999999,-0.5289,0.425,-0.016,0.753,-0.0939,-0.6509999999999999,1.495,0.11800000000000001,-0.105,0.0648,0.314,-0.01,-0.698,3.09,0.0307,-0.295,0.903,-0.381,0.33899999999999997,-0.743,0.1618,-0.39299999999999996,-1.422,0.2718,0.452,-0.226,0.34600000000000003,0.1949,-0.312,-1.3519999999999999,0.0898,0.669,0.3207,-0.736,0.8808,-0.0112,0.452,0.013000000000000001,0.4539,-0.504,-0.53,-0.899,-1.2409,-0.12300000000000001,-2.638,0.993,0.215,-0.409,-0.3639,-0.474,-0.314,0.601,-0.478,0.1738,-0.777,0.3924,-0.496,-0.5949,-0.9890000000000001,0.2217,-0.2777,0.0654,0.713,0.0698,0.2776,-0.039,0.267,0.115,-0.032,-0.0585,0.616,0.3676,-1.364,0.1567,-0.3605,0.0679,0.1324,-1.013,-0.624,-1.113,0.1711,0.42,0.4508,0.12,0.38,0.0073,-0.4248,0.45399999999999996,0.305,1.517,0.154,0.39399999999999996,0.498,-1.208,0.2804
